betas,TaskType,StimType,StimCond(0/1),Cue,Image(s) seen/imagined
0,0.0,0.0,1.0,L,[182]
1,0.0,0.0,1.0,V,[128]
2,0.0,0.0,1.0,H,[14]
3,0.0,0.0,0.0,P,[127]
4,0.0,0.0,0.0,R,[184]
5,0.0,0.0,0.0,P,[71]
6,0.0,0.0,1.0,E,[304]
7,0.0,0.0,0.0,R,[184]
8,0.0,0.0,0.0,L,[254]
9,0.0,0.0,0.0,V,[306]
10,0.0,0.0,1.0,H,[14]
11,0.0,0.0,1.0,P,[255]
12,0.0,0.0,1.0,L,[182]
13,0.0,0.0,0.0,E,[253]
14,0.0,0.0,0.0,L,[15]
15,0.0,0.0,1.0,V,[128]
16,0.0,0.0,1.0,P,[255]
17,0.0,0.0,1.0,R,[72]
18,0.0,0.0,1.0,H,[14]
19,0.0,0.0,0.0,H,[126]
20,0.0,0.0,0.0,V,[256]
21,0.0,0.0,0.0,L,[15]
22,0.0,0.0,1.0,R,[72]
23,0.0,0.0,0.0,V,[306]
24,0.0,0.0,0.0,L,[15]
25,0.0,0.0,1.0,R,[72]
26,0.0,0.0,1.0,E,[304]
27,0.0,0.0,1.0,L,[182]
28,0.0,0.0,0.0,E,[13]
29,0.0,0.0,0.0,P,[183]
30,0.0,0.0,0.0,P,[71]
31,0.0,0.0,1.0,V,[128]
32,0.0,0.0,0.0,R,[305]
33,0.0,0.0,1.0,V,[128]
34,0.0,0.0,1.0,P,[255]
35,0.0,0.0,1.0,H,[14]
36,0.0,0.0,0.0,H,[181]
37,0.0,0.0,0.0,E,[253]
38,0.0,0.0,1.0,E,[304]
39,0.0,0.0,0.0,H,[70]
40,0.0,0.0,0.0,E,[125]
41,0.0,0.0,1.0,P,[255]
42,0.0,0.0,1.0,L,[182]
43,0.0,0.0,1.0,E,[304]
44,0.0,0.0,0.0,V,[73]
45,0.0,0.0,0.0,H,[126]
46,0.0,0.0,1.0,R,[72]
47,0.0,0.0,0.0,R,[305]
48,1.0,0.0,1.0,V,"[63, 38, 339, 244, 185, 3, 257, 129, 56, 307, 25, 59, 249, 17, 98, 218, 74, 284, 268, 7, 321, 270, 48, 205]"
49,1.0,0.0,1.0,V,"[63, 38, 339, 244, 185, 3, 257, 129, 56, 307, 25, 59, 249, 17, 98, 218, 74, 284, 268, 7, 321, 270, 48, 205]"
50,1.0,0.0,0.0,P,"[17, 266, 165, 248, 328, 129, 40, 5, 307, 210, 344, 310, 339, 148, 321, 74, 4, 219, 174, 53, 34, 327, 102, 185]"
51,1.0,0.0,0.0,P,"[17, 266, 165, 248, 328, 129, 40, 5, 307, 210, 344, 310, 339, 148, 321, 74, 4, 219, 174, 53, 34, 327, 102, 185]"
52,1.0,0.0,0.0,L,"[219, 274, 168, 344, 100, 286, 129, 264, 343, 262, 334, 107, 294, 6, 205, 74, 290, 103, 307, 21, 17, 257, 338, 134]"
53,1.0,0.0,0.0,L,"[219, 274, 168, 344, 100, 286, 129, 264, 343, 262, 334, 107, 294, 6, 205, 74, 290, 103, 307, 21, 17, 257, 338, 134]"
54,1.0,0.0,0.0,R,"[200, 153, 46, 196, 17, 106, 179, 93, 299, 186, 257, 307, 33, 37, 35, 7, 62, 279, 185, 160, 96, 329, 251, 129]"
55,1.0,0.0,0.0,R,"[200, 153, 46, 196, 17, 106, 179, 93, 299, 186, 257, 307, 33, 37, 35, 7, 62, 279, 185, 160, 96, 329, 251, 129]"
56,1.0,0.0,0.0,V,"[281, 313, 334, 165, 74, 282, 257, 307, 185, 97, 163, 287, 265, 157, 94, 243, 95, 200, 17, 58, 57, 5, 197, 117]"
57,1.0,0.0,0.0,V,"[281, 313, 334, 165, 74, 282, 257, 307, 185, 97, 163, 287, 265, 157, 94, 243, 95, 200, 17, 58, 57, 5, 197, 117]"
58,1.0,0.0,1.0,L,"[323, 74, 36, 129, 318, 188, 67, 220, 40, 314, 50, 342, 17, 257, 94, 79, 207, 185, 307, 22, 110, 173, 202, 55]"
59,1.0,0.0,1.0,L,"[323, 74, 36, 129, 318, 188, 67, 220, 40, 314, 50, 342, 17, 257, 94, 79, 207, 185, 307, 22, 110, 173, 202, 55]"
60,1.0,0.0,0.0,H,"[337, 4, 26, 134, 299, 257, 278, 273, 66, 216, 122, 297, 129, 185, 6, 74, 186, 109, 307, 107, 277, 61, 24, 174]"
61,1.0,0.0,0.0,H,"[337, 4, 26, 134, 299, 257, 278, 273, 66, 216, 122, 297, 129, 185, 6, 74, 186, 109, 307, 107, 277, 61, 24, 174]"
62,1.0,0.0,1.0,P,"[74, 17, 93, 271, 129, 193, 180, 288, 54, 257, 50, 143, 41, 185, 100, 119, 289, 134, 201, 116, 94, 241, 307, 273]"
63,1.0,0.0,1.0,P,"[74, 17, 93, 271, 129, 193, 180, 288, 54, 257, 50, 143, 41, 185, 100, 119, 289, 134, 201, 116, 94, 241, 307, 273]"
64,1.0,0.0,1.0,H,"[55, 86, 307, 89, 185, 130, 283, 74, 44, 257, 301, 193, 17, 272, 177, 166, 129, 308, 203, 138, 47, 263, 79, 326]"
65,1.0,0.0,1.0,H,"[55, 86, 307, 89, 185, 130, 283, 74, 44, 257, 301, 193, 17, 272, 177, 166, 129, 308, 203, 138, 47, 263, 79, 326]"
66,1.0,0.0,1.0,E,"[138, 185, 311, 109, 90, 307, 211, 204, 319, 79, 51, 301, 329, 275, 312, 129, 257, 338, 113, 215, 74, 146, 103, 17]"
67,1.0,0.0,1.0,E,"[138, 185, 311, 109, 90, 307, 211, 204, 319, 79, 51, 301, 329, 275, 312, 129, 257, 338, 113, 215, 74, 146, 103, 17]"
68,1.0,0.0,1.0,L,"[129, 257, 217, 261, 303, 146, 155, 267, 249, 328, 76, 74, 8, 300, 191, 271, 133, 335, 24, 101, 138, 17, 307, 185]"
69,1.0,0.0,1.0,L,"[129, 257, 217, 261, 303, 146, 155, 267, 249, 328, 76, 74, 8, 300, 191, 271, 133, 335, 24, 101, 138, 17, 307, 185]"
70,1.0,0.0,0.0,P,"[17, 129, 332, 290, 194, 343, 74, 25, 12, 185, 337, 285, 251, 97, 252, 307, 168, 268, 334, 192, 264, 322, 250, 21]"
71,1.0,0.0,0.0,P,"[17, 129, 332, 290, 194, 343, 74, 25, 12, 185, 337, 285, 251, 97, 252, 307, 168, 268, 334, 192, 264, 322, 250, 21]"
72,1.0,0.0,1.0,E,"[92, 342, 307, 135, 292, 187, 74, 244, 158, 3, 340, 167, 185, 81, 302, 85, 98, 220, 63, 314, 257, 152, 129, 17]"
73,1.0,0.0,1.0,E,"[92, 342, 307, 135, 292, 187, 74, 244, 158, 3, 340, 167, 185, 81, 302, 85, 98, 220, 63, 314, 257, 152, 129, 17]"
74,1.0,0.0,0.0,V,"[120, 17, 292, 124, 144, 185, 140, 91, 160, 108, 74, 325, 167, 202, 240, 285, 279, 259, 201, 341, 131, 248, 257, 307]"
75,1.0,0.0,0.0,V,"[120, 17, 292, 124, 144, 185, 140, 91, 160, 108, 74, 325, 167, 202, 240, 285, 279, 259, 201, 341, 131, 248, 257, 307]"
76,1.0,0.0,1.0,L,"[332, 297, 278, 74, 129, 260, 265, 284, 99, 20, 257, 307, 287, 17, 28, 185, 56, 317, 187, 203, 171, 75, 34, 248]"
77,1.0,0.0,1.0,L,"[332, 297, 278, 74, 129, 260, 265, 284, 99, 20, 257, 307, 287, 17, 28, 185, 56, 317, 187, 203, 171, 75, 34, 248]"
78,1.0,0.0,0.0,E,"[155, 129, 65, 66, 10, 178, 111, 267, 139, 74, 331, 175, 17, 31, 142, 185, 274, 145, 257, 99, 169, 137, 247, 95]"
79,1.0,0.0,0.0,E,"[155, 129, 65, 66, 10, 178, 111, 267, 139, 74, 331, 175, 17, 31, 142, 185, 274, 145, 257, 99, 169, 137, 247, 95]"
80,1.0,0.0,1.0,P,"[257, 245, 32, 124, 185, 307, 149, 258, 309, 283, 129, 281, 91, 276, 74, 22, 166, 295, 308, 179, 345, 333, 11, 17]"
81,1.0,0.0,1.0,P,"[257, 245, 32, 124, 185, 307, 149, 258, 309, 283, 129, 281, 91, 276, 74, 22, 166, 295, 308, 179, 345, 333, 11, 17]"
82,1.0,0.0,0.0,L,"[68, 246, 345, 346, 257, 320, 307, 289, 258, 292, 163, 44, 164, 97, 17, 341, 74, 66, 156, 30, 162, 311, 78, 129]"
83,1.0,0.0,0.0,L,"[68, 246, 345, 346, 257, 320, 307, 289, 258, 292, 163, 44, 164, 97, 17, 341, 74, 66, 156, 30, 162, 311, 78, 129]"
84,1.0,0.0,0.0,E,"[17, 291, 36, 154, 257, 104, 313, 123, 299, 249, 26, 170, 141, 159, 78, 242, 199, 185, 147, 298, 132, 129, 318, 74]"
85,1.0,0.0,0.0,E,"[17, 291, 36, 154, 257, 104, 313, 123, 299, 249, 26, 170, 141, 159, 78, 242, 199, 185, 147, 298, 132, 129, 318, 74]"
86,1.0,0.0,0.0,H,"[76, 129, 247, 335, 37, 307, 257, 105, 161, 220, 320, 210, 298, 323, 60, 252, 64, 136, 41, 102, 185, 31, 74, 295]"
87,1.0,0.0,0.0,H,"[76, 129, 247, 335, 37, 307, 257, 105, 161, 220, 320, 210, 298, 323, 60, 252, 64, 136, 41, 102, 185, 31, 74, 295]"
88,1.0,0.0,1.0,R,"[145, 307, 215, 240, 148, 45, 180, 74, 277, 129, 204, 185, 49, 295, 149, 276, 105, 178, 135, 298, 257, 167, 17, 309]"
89,1.0,0.0,1.0,R,"[145, 307, 215, 240, 148, 45, 180, 74, 277, 129, 204, 185, 49, 295, 149, 276, 105, 178, 135, 298, 257, 167, 17, 309]"
90,1.0,0.0,0.0,P,"[60, 33, 307, 172, 46, 133, 189, 280, 74, 150, 171, 68, 206, 197, 84, 96, 153, 129, 76, 164, 88, 17, 246, 185]"
91,1.0,0.0,0.0,P,"[60, 33, 307, 172, 46, 133, 189, 280, 74, 150, 171, 68, 206, 197, 84, 96, 153, 129, 76, 164, 88, 17, 246, 185]"
92,1.0,0.0,1.0,R,"[42, 118, 307, 194, 214, 54, 132, 86, 185, 129, 315, 151, 291, 17, 157, 115, 257, 74, 174, 53, 137, 130, 117, 3]"
93,1.0,0.0,1.0,R,"[42, 118, 307, 194, 214, 54, 132, 86, 185, 129, 315, 151, 291, 17, 157, 115, 257, 74, 174, 53, 137, 130, 117, 3]"
94,1.0,0.0,0.0,E,"[198, 297, 316, 101, 161, 55, 162, 205, 118, 59, 324, 257, 277, 320, 278, 177, 284, 129, 185, 17, 330, 74, 218, 208]"
95,1.0,0.0,0.0,E,"[198, 297, 316, 101, 161, 55, 162, 205, 118, 59, 324, 257, 277, 320, 278, 177, 284, 129, 185, 17, 330, 74, 218, 208]"
96,1.0,0.0,1.0,H,"[129, 158, 172, 39, 17, 81, 288, 246, 266, 84, 74, 65, 103, 82, 185, 316, 307, 300, 257, 245, 132, 168, 75, 319]"
97,1.0,0.0,1.0,H,"[129, 158, 172, 39, 17, 81, 288, 246, 266, 84, 74, 65, 103, 82, 185, 316, 307, 300, 257, 245, 132, 168, 75, 319]"
98,1.0,0.0,1.0,V,"[185, 322, 74, 324, 317, 17, 30, 215, 42, 327, 141, 12, 45, 219, 150, 257, 88, 199, 303, 315, 307, 27, 129, 34]"
99,1.0,0.0,1.0,V,"[185, 322, 74, 324, 317, 17, 30, 215, 42, 327, 141, 12, 45, 219, 150, 257, 88, 199, 303, 315, 307, 27, 129, 34]"
100,1.0,0.0,1.0,E,"[185, 323, 114, 317, 9, 110, 89, 307, 269, 300, 287, 48, 257, 86, 35, 6, 74, 17, 163, 115, 336, 272, 129, 28]"
101,1.0,0.0,1.0,E,"[185, 323, 114, 317, 9, 110, 89, 307, 269, 300, 287, 48, 257, 86, 35, 6, 74, 17, 163, 115, 336, 272, 129, 28]"
102,1.0,0.0,0.0,R,"[325, 275, 185, 9, 158, 197, 19, 129, 170, 113, 90, 312, 65, 212, 108, 257, 247, 273, 17, 244, 307, 12, 166, 41]"
103,1.0,0.0,0.0,R,"[325, 275, 185, 9, 158, 197, 19, 129, 170, 113, 90, 312, 65, 212, 108, 257, 247, 273, 17, 244, 307, 12, 166, 41]"
104,1.0,0.0,1.0,H,"[307, 314, 192, 206, 346, 187, 185, 36, 342, 286, 19, 257, 330, 143, 275, 74, 17, 10, 293, 32, 87, 52, 145, 129]"
105,1.0,0.0,1.0,H,"[307, 314, 192, 206, 346, 187, 185, 36, 342, 286, 19, 257, 330, 143, 275, 74, 17, 10, 293, 32, 87, 52, 145, 129]"
106,1.0,0.0,0.0,P,"[307, 129, 64, 17, 131, 74, 296, 39, 67, 43, 58, 216, 186, 140, 265, 325, 185, 188, 117, 286, 203, 19, 207, 270]"
107,1.0,0.0,0.0,P,"[307, 129, 64, 17, 131, 74, 296, 39, 67, 43, 58, 216, 186, 140, 265, 325, 185, 188, 117, 286, 203, 19, 207, 270]"
108,1.0,0.0,0.0,H,"[170, 176, 83, 331, 148, 139, 208, 51, 54, 251, 50, 116, 328, 307, 257, 185, 101, 188, 280, 194, 67, 123, 129, 74]"
109,1.0,0.0,0.0,H,"[170, 176, 83, 331, 148, 139, 208, 51, 54, 251, 50, 116, 328, 307, 257, 185, 101, 188, 280, 194, 67, 123, 129, 74]"
110,1.0,0.0,1.0,R,"[17, 241, 218, 147, 172, 263, 321, 129, 59, 88, 339, 280, 119, 38, 74, 293, 283, 307, 257, 190, 121, 281, 102, 185]"
111,1.0,0.0,1.0,R,"[17, 241, 218, 147, 172, 263, 321, 129, 59, 88, 339, 280, 119, 38, 74, 293, 283, 307, 257, 190, 121, 281, 102, 185]"
112,1.0,0.0,1.0,P,"[27, 257, 2, 202, 307, 279, 195, 259, 240, 282, 47, 185, 77, 8, 294, 243, 335, 17, 196, 74, 129, 42, 173, 341]"
113,1.0,0.0,1.0,P,"[27, 257, 2, 202, 307, 279, 195, 259, 240, 282, 47, 185, 77, 8, 294, 243, 335, 17, 196, 74, 129, 42, 173, 341]"
114,1.0,0.0,1.0,V,"[115, 185, 43, 129, 209, 28, 307, 180, 23, 154, 147, 290, 146, 17, 156, 142, 175, 159, 257, 211, 49, 261, 33, 74]"
115,1.0,0.0,1.0,V,"[115, 185, 43, 129, 209, 28, 307, 180, 23, 154, 147, 290, 146, 17, 156, 142, 175, 159, 257, 211, 49, 261, 33, 74]"
116,1.0,0.0,1.0,P,"[108, 144, 303, 52, 185, 30, 346, 82, 315, 23, 129, 257, 17, 107, 307, 190, 209, 262, 120, 214, 45, 121, 263, 74]"
117,1.0,0.0,1.0,P,"[108, 144, 303, 52, 185, 30, 346, 82, 315, 23, 129, 257, 17, 107, 307, 190, 209, 262, 120, 214, 45, 121, 263, 74]"
118,1.0,0.0,0.0,V,"[90, 96, 118, 137, 80, 110, 196, 312, 119, 17, 307, 121, 185, 74, 242, 258, 257, 274, 291, 29, 135, 207, 9, 162]"
119,1.0,0.0,0.0,V,"[90, 96, 118, 137, 80, 110, 196, 312, 119, 17, 307, 121, 185, 74, 242, 258, 257, 274, 291, 29, 135, 207, 9, 162]"
120,1.0,0.0,1.0,L,"[27, 324, 17, 129, 141, 74, 84, 269, 165, 206, 95, 245, 185, 302, 169, 257, 307, 92, 216, 83, 337, 288, 104, 189]"
121,1.0,0.0,1.0,L,"[27, 324, 17, 129, 141, 74, 84, 269, 165, 206, 95, 245, 185, 302, 169, 257, 307, 92, 216, 83, 337, 288, 104, 189]"
122,1.0,0.0,0.0,H,"[260, 173, 93, 179, 149, 35, 185, 296, 198, 271, 204, 307, 2, 104, 129, 40, 340, 311, 345, 111, 46, 257, 74, 332]"
123,1.0,0.0,0.0,H,"[260, 173, 93, 179, 149, 35, 185, 296, 198, 271, 204, 307, 2, 104, 129, 40, 340, 311, 345, 111, 46, 257, 74, 332]"
124,1.0,0.0,1.0,V,"[264, 129, 113, 294, 114, 178, 250, 338, 17, 106, 307, 151, 68, 133, 336, 74, 21, 100, 257, 85, 78, 185, 18, 171]"
125,1.0,0.0,1.0,V,"[264, 129, 113, 294, 114, 178, 250, 338, 17, 106, 307, 151, 68, 133, 336, 74, 21, 100, 257, 85, 78, 185, 18, 171]"
126,1.0,0.0,0.0,R,"[175, 185, 150, 199, 333, 201, 52, 192, 213, 307, 327, 252, 57, 140, 257, 129, 270, 124, 152, 17, 331, 131, 326, 177]"
127,1.0,0.0,0.0,R,"[175, 185, 150, 199, 333, 201, 52, 192, 213, 307, 327, 252, 57, 140, 257, 129, 270, 124, 152, 17, 331, 131, 326, 177]"
128,1.0,0.0,1.0,E,"[37, 18, 217, 38, 29, 74, 185, 20, 56, 129, 260, 24, 130, 83, 17, 57, 307, 80, 261, 106, 112, 257, 7, 200]"
129,1.0,0.0,1.0,E,"[37, 18, 217, 38, 29, 74, 185, 20, 56, 129, 260, 24, 130, 83, 17, 57, 307, 80, 261, 106, 112, 257, 7, 200]"
130,1.0,0.0,0.0,L,"[51, 29, 209, 307, 74, 142, 285, 129, 17, 2, 91, 32, 116, 310, 31, 143, 257, 48, 336, 198, 319, 211, 243, 282]"
131,1.0,0.0,0.0,L,"[51, 29, 209, 307, 74, 142, 285, 129, 17, 2, 91, 32, 116, 310, 31, 143, 257, 48, 336, 198, 319, 211, 243, 282]"
132,1.0,0.0,0.0,R,"[308, 340, 47, 17, 77, 39, 82, 58, 301, 111, 195, 129, 114, 64, 81, 193, 257, 259, 4, 210, 10, 185, 307, 268]"
133,1.0,0.0,0.0,R,"[308, 340, 47, 17, 77, 39, 82, 58, 301, 111, 195, 129, 114, 64, 81, 193, 257, 259, 4, 210, 10, 185, 307, 268]"
134,1.0,0.0,0.0,L,"[242, 112, 109, 61, 89, 176, 266, 87, 139, 159, 74, 316, 129, 307, 60, 120, 161, 313, 63, 322, 296, 18, 257, 17]"
135,1.0,0.0,0.0,L,"[242, 112, 109, 61, 89, 176, 266, 87, 139, 159, 74, 316, 129, 307, 60, 120, 161, 313, 63, 322, 296, 18, 257, 17]"
136,1.0,0.0,1.0,R,"[208, 136, 250, 43, 307, 129, 257, 17, 122, 74, 26, 25, 123, 23, 11, 85, 80, 330, 272, 144, 154, 185, 98, 5]"
137,1.0,0.0,1.0,R,"[208, 136, 250, 43, 307, 129, 257, 17, 122, 74, 26, 25, 123, 23, 11, 85, 80, 330, 272, 144, 154, 185, 98, 5]"
138,1.0,0.0,0.0,E,"[185, 62, 44, 49, 213, 257, 326, 136, 176, 191, 151, 87, 17, 160, 61, 74, 293, 75, 156, 129, 105, 157, 122, 212]"
139,1.0,0.0,0.0,E,"[185, 62, 44, 49, 213, 257, 326, 136, 176, 191, 151, 87, 17, 160, 61, 74, 293, 75, 156, 129, 105, 157, 122, 212]"
140,1.0,0.0,0.0,V,"[257, 11, 289, 307, 152, 269, 20, 62, 169, 53, 22, 195, 262, 185, 267, 189, 17, 310, 191, 344, 74, 214, 164, 155]"
141,1.0,0.0,0.0,V,"[257, 11, 289, 307, 152, 269, 20, 62, 169, 53, 22, 195, 262, 185, 267, 189, 17, 310, 191, 344, 74, 214, 164, 155]"
142,1.0,0.0,1.0,H,"[333, 276, 212, 17, 257, 74, 318, 185, 302, 213, 99, 217, 329, 129, 241, 309, 112, 307, 77, 343, 92, 153, 190, 8]"
143,1.0,0.0,1.0,H,"[333, 276, 212, 17, 257, 74, 318, 185, 302, 213, 99, 217, 329, 129, 241, 309, 112, 307, 77, 343, 92, 153, 190, 8]"
144,2.0,0.0,,L,[185]
145,2.0,0.0,,V,[129]
146,2.0,0.0,,H,[17]
147,2.0,0.0,,V,[129]
148,2.0,0.0,,L,[185]
149,2.0,0.0,,R,[74]
150,2.0,0.0,,E,[307]
151,2.0,0.0,,L,[185]
152,2.0,0.0,,P,[257]
153,2.0,0.0,,E,[307]
154,2.0,0.0,,H,[17]
155,2.0,0.0,,P,[257]
156,2.0,0.0,,L,[185]
157,2.0,0.0,,P,[257]
158,2.0,0.0,,H,[17]
159,2.0,0.0,,V,[129]
160,2.0,0.0,,P,[257]
161,2.0,0.0,,R,[74]
162,2.0,0.0,,H,[17]
163,2.0,0.0,,V,[129]
164,2.0,0.0,,P,[257]
165,2.0,0.0,,H,[17]
166,2.0,0.0,,R,[74]
167,2.0,0.0,,E,[307]
168,2.0,0.0,,H,[17]
169,2.0,0.0,,R,[74]
170,2.0,0.0,,E,[307]
171,2.0,0.0,,L,[185]
172,2.0,0.0,,H,[17]
173,2.0,0.0,,L,[185]
174,2.0,0.0,,R,[74]
175,2.0,0.0,,V,[129]
176,2.0,0.0,,E,[307]
177,2.0,0.0,,V,[129]
178,2.0,0.0,,P,[257]
179,2.0,0.0,,H,[17]
180,2.0,0.0,,L,[185]
181,2.0,0.0,,P,[257]
182,2.0,0.0,,E,[307]
183,2.0,0.0,,R,[74]
184,2.0,0.0,,V,[129]
185,2.0,0.0,,P,[257]
186,2.0,0.0,,L,[185]
187,2.0,0.0,,E,[307]
188,2.0,0.0,,R,[74]
189,2.0,0.0,,V,[129]
190,2.0,0.0,,R,[74]
191,2.0,0.0,,E,[307]
192,0.0,1.0,0.0,B,[652]
193,0.0,1.0,0.0,W,[1005]
194,0.0,1.0,1.0,W,[655]
195,0.0,1.0,0.0,B,[1060]
196,0.0,1.0,1.0,T,[357]
197,0.0,1.0,0.0,K,[927]
198,0.0,1.0,0.0,B,[1060]
199,0.0,1.0,1.0,K,[673]
200,0.0,1.0,0.0,K,[654]
201,0.0,1.0,0.0,W,[675]
202,0.0,1.0,1.0,C,[1002]
203,0.0,1.0,0.0,T,[674]
204,0.0,1.0,0.0,B,[353]
205,0.0,1.0,1.0,D,[1062]
206,0.0,1.0,1.0,C,[1002]
207,0.0,1.0,1.0,W,[655]
208,0.0,1.0,0.0,T,[1004]
209,0.0,1.0,1.0,D,[1062]
210,0.0,1.0,1.0,B,[924]
211,0.0,1.0,1.0,K,[673]
212,0.0,1.0,0.0,W,[1064]
213,0.0,1.0,1.0,T,[357]
214,0.0,1.0,0.0,T,[1063]
215,0.0,1.0,1.0,C,[1002]
216,0.0,1.0,1.0,W,[655]
217,0.0,1.0,0.0,D,[1003]
218,0.0,1.0,0.0,K,[356]
219,0.0,1.0,1.0,W,[655]
220,0.0,1.0,0.0,K,[927]
221,0.0,1.0,0.0,C,[653]
222,0.0,1.0,1.0,K,[673]
223,0.0,1.0,1.0,B,[924]
224,0.0,1.0,0.0,D,[355]
225,0.0,1.0,1.0,D,[1062]
226,0.0,1.0,0.0,W,[675]
227,0.0,1.0,1.0,B,[924]
228,0.0,1.0,1.0,K,[673]
229,0.0,1.0,1.0,B,[924]
230,0.0,1.0,1.0,C,[1002]
231,0.0,1.0,0.0,C,[653]
232,0.0,1.0,1.0,T,[357]
233,0.0,1.0,0.0,C,[925]
234,0.0,1.0,0.0,D,[1003]
235,0.0,1.0,0.0,T,[674]
236,0.0,1.0,0.0,C,[354]
237,0.0,1.0,1.0,D,[1062]
238,0.0,1.0,0.0,D,[926]
239,0.0,1.0,1.0,T,[357]
240,1.0,1.0,1.0,D,"[664, 772, 1047, 648, 582, 1140, 469, 1037, 934, 358, 1006, 1065, 656, 776, 929, 750, 960, 484, 895, 487, 515, 695, 446, 676]"
241,1.0,1.0,1.0,D,"[664, 772, 1047, 648, 582, 1140, 469, 1037, 934, 358, 1006, 1065, 656, 776, 929, 750, 960, 484, 895, 487, 515, 695, 446, 676]"
242,1.0,1.0,0.0,K,"[718, 1119, 1028, 700, 754, 1006, 710, 821, 832, 972, 623, 845, 358, 826, 1101, 1065, 1082, 667, 669, 497, 929, 709, 656, 910]"
243,1.0,1.0,0.0,K,"[718, 1119, 1028, 700, 754, 1006, 710, 821, 832, 972, 623, 845, 358, 826, 1101, 1065, 1082, 667, 669, 497, 929, 709, 656, 910]"
244,1.0,1.0,1.0,D,"[1006, 620, 989, 1065, 749, 539, 628, 845, 826, 587, 358, 724, 709, 676, 594, 656, 817, 929, 1117, 752, 576, 1116, 550, 701]"
245,1.0,1.0,1.0,D,"[1006, 620, 989, 1065, 749, 539, 628, 845, 826, 587, 358, 724, 709, 676, 594, 656, 817, 929, 1117, 752, 576, 1116, 550, 701]"
246,1.0,1.0,0.0,T,"[601, 616, 440, 765, 642, 910, 524, 1006, 634, 418, 838, 676, 502, 929, 874, 855, 656, 1108, 832, 798, 1082, 389, 804, 1065]"
247,1.0,1.0,0.0,T,"[601, 616, 440, 765, 642, 910, 524, 1006, 634, 418, 838, 676, 502, 929, 874, 855, 656, 1108, 832, 798, 1082, 389, 804, 1065]"
248,1.0,1.0,1.0,W,"[427, 676, 929, 1016, 1006, 717, 483, 806, 628, 905, 545, 646, 1131, 656, 946, 566, 358, 488, 976, 1065, 594, 430, 903, 852]"
249,1.0,1.0,1.0,W,"[427, 676, 929, 1016, 1006, 717, 483, 806, 628, 905, 545, 646, 1131, 656, 946, 566, 358, 488, 976, 1065, 594, 430, 903, 852]"
250,1.0,1.0,0.0,T,"[1032, 860, 902, 656, 678, 733, 1006, 852, 868, 791, 998, 1076, 640, 833, 676, 1051, 559, 823, 1053, 1065, 722, 929, 662, 814]"
251,1.0,1.0,0.0,T,"[1032, 860, 902, 656, 678, 733, 1006, 852, 868, 791, 998, 1076, 640, 833, 676, 1051, 559, 823, 1053, 1065, 722, 929, 662, 814]"
252,1.0,1.0,1.0,W,"[804, 883, 417, 663, 419, 1013, 438, 1065, 656, 603, 676, 550, 1006, 358, 505, 812, 791, 929, 817, 630, 902, 931, 1134, 989]"
253,1.0,1.0,1.0,W,"[804, 883, 417, 663, 419, 1013, 438, 1065, 656, 603, 676, 550, 1006, 358, 505, 812, 791, 929, 817, 630, 902, 931, 1134, 989]"
254,1.0,1.0,1.0,C,"[868, 540, 1006, 591, 1074, 565, 538, 676, 656, 837, 727, 1073, 1091, 728, 388, 1007, 358, 488, 1065, 717, 929, 559, 640, 671]"
255,1.0,1.0,1.0,C,"[868, 540, 1006, 591, 1074, 565, 538, 676, 656, 837, 727, 1073, 1091, 728, 388, 1007, 358, 488, 1065, 717, 929, 559, 640, 671]"
256,1.0,1.0,1.0,B,"[973, 908, 1006, 1079, 916, 900, 642, 1024, 676, 700, 1065, 607, 599, 601, 358, 524, 856, 466, 614, 656, 390, 691, 929, 662]"
257,1.0,1.0,1.0,B,"[973, 908, 1006, 1079, 916, 900, 642, 1024, 676, 700, 1065, 607, 599, 601, 358, 524, 856, 466, 614, 656, 390, 691, 929, 662]"
258,1.0,1.0,1.0,K,"[1053, 860, 383, 783, 874, 1069, 358, 1088, 443, 1090, 446, 929, 571, 1137, 868, 378, 469, 691, 656, 1006, 676, 660, 802, 1065]"
259,1.0,1.0,1.0,K,"[1053, 860, 383, 783, 874, 1069, 358, 1088, 443, 1090, 446, 929, 571, 1137, 868, 378, 469, 691, 656, 1006, 676, 660, 802, 1065]"
260,1.0,1.0,0.0,B,"[989, 473, 831, 790, 976, 1032, 960, 1065, 726, 1006, 563, 358, 676, 1085, 1134, 829, 656, 1112, 1111, 678, 1088, 987, 595, 938]"
261,1.0,1.0,0.0,B,"[989, 473, 831, 790, 976, 1032, 960, 1065, 726, 1006, 563, 358, 676, 1085, 1134, 829, 656, 1112, 1111, 678, 1088, 987, 595, 938]"
262,1.0,1.0,1.0,C,"[634, 929, 1035, 998, 1082, 775, 972, 594, 483, 1065, 358, 1069, 754, 656, 913, 583, 505, 616, 886, 633, 931, 387, 1006, 676]"
263,1.0,1.0,1.0,C,"[634, 929, 1035, 998, 1082, 775, 972, 594, 483, 1065, 358, 1069, 754, 656, 913, 583, 505, 616, 886, 633, 931, 387, 1006, 676]"
264,1.0,1.0,1.0,T,"[657, 545, 401, 962, 474, 718, 700, 490, 358, 428, 929, 439, 630, 623, 555, 482, 656, 1006, 1111, 726, 676, 904, 1065, 759]"
265,1.0,1.0,1.0,T,"[657, 545, 401, 962, 474, 718, 700, 490, 358, 428, 929, 439, 630, 623, 555, 482, 656, 1006, 1111, 726, 676, 904, 1065, 759]"
266,1.0,1.0,1.0,D,"[656, 819, 676, 913, 1065, 702, 577, 1006, 522, 571, 783, 754, 929, 806, 614, 464, 1086, 419, 358, 886, 491, 982, 1041, 599]"
267,1.0,1.0,1.0,D,"[656, 819, 676, 913, 1065, 702, 577, 1006, 522, 571, 783, 754, 929, 806, 614, 464, 1086, 419, 358, 886, 491, 982, 1041, 599]"
268,1.0,1.0,1.0,K,"[662, 493, 1140, 676, 1006, 722, 916, 1037, 1044, 1022, 888, 702, 539, 776, 929, 953, 1065, 656, 1129, 814, 498, 1109, 501, 358]"
269,1.0,1.0,1.0,K,"[662, 493, 1140, 676, 1006, 722, 916, 1037, 1044, 1022, 888, 702, 539, 776, 929, 953, 1065, 656, 1129, 814, 498, 1109, 501, 358]"
270,1.0,1.0,0.0,D,"[543, 676, 976, 972, 424, 929, 818, 1090, 803, 837, 556, 511, 921, 681, 714, 478, 1006, 816, 793, 1130, 1100, 1101, 656, 358]"
271,1.0,1.0,0.0,D,"[543, 676, 976, 972, 424, 929, 818, 1090, 803, 837, 556, 511, 921, 681, 714, 478, 1006, 816, 793, 1130, 1100, 1101, 656, 358]"
272,1.0,1.0,0.0,K,"[388, 522, 645, 1001, 358, 861, 381, 1112, 1125, 401, 432, 656, 753, 1032, 484, 1007, 1065, 1006, 749, 855, 387, 929, 1085, 1051]"
273,1.0,1.0,0.0,K,"[388, 522, 645, 1001, 358, 861, 381, 1112, 1125, 401, 432, 656, 753, 1032, 484, 1007, 1065, 1006, 749, 855, 387, 929, 1085, 1051]"
274,1.0,1.0,0.0,B,"[897, 358, 432, 656, 613, 860, 446, 1006, 1036, 371, 1123, 1128, 676, 718, 1108, 430, 592, 769, 1072, 1065, 1119, 550, 883, 832]"
275,1.0,1.0,0.0,B,"[897, 358, 432, 656, 613, 860, 446, 1006, 1036, 371, 1123, 1128, 676, 718, 1108, 430, 592, 769, 1072, 1065, 1119, 550, 883, 832]"
276,1.0,1.0,1.0,T,"[1069, 1095, 717, 558, 751, 358, 646, 483, 861, 829, 676, 929, 443, 693, 1065, 769, 679, 656, 505, 1006, 843, 1036, 638, 883]"
277,1.0,1.0,1.0,T,"[1069, 1095, 717, 558, 751, 358, 646, 483, 861, 829, 676, 929, 443, 693, 1065, 769, 679, 656, 505, 1006, 843, 1036, 638, 883]"
278,1.0,1.0,0.0,K,"[648, 679, 999, 358, 929, 790, 728, 583, 537, 390, 921, 837, 599, 1065, 1130, 582, 908, 1035, 656, 601, 686, 664, 843, 1006]"
279,1.0,1.0,0.0,K,"[648, 679, 999, 358, 929, 790, 728, 583, 537, 390, 921, 837, 599, 1065, 1130, 582, 908, 1035, 656, 601, 686, 664, 843, 1006]"
280,1.0,1.0,0.0,W,"[358, 487, 751, 1065, 701, 576, 934, 676, 752, 982, 818, 1036, 929, 441, 764, 693, 371, 1086, 1047, 1074, 803, 726, 882, 1006]"
281,1.0,1.0,0.0,W,"[358, 487, 751, 1065, 701, 576, 934, 676, 752, 982, 818, 1036, 929, 441, 764, 693, 371, 1086, 1047, 1074, 803, 726, 882, 1006]"
282,1.0,1.0,0.0,B,"[645, 409, 1065, 491, 864, 752, 676, 701, 405, 1116, 400, 412, 657, 620, 358, 1006, 1046, 872, 418, 513, 556, 982, 826, 656]"
283,1.0,1.0,0.0,B,"[645, 409, 1065, 491, 864, 752, 676, 701, 405, 1116, 400, 412, 657, 620, 358, 1006, 1046, 872, 418, 513, 556, 982, 826, 656]"
284,1.0,1.0,1.0,C,"[929, 852, 669, 384, 1140, 660, 623, 1006, 812, 1094, 816, 1022, 676, 853, 358, 469, 1065, 628, 990, 502, 656, 1047, 814, 785]"
285,1.0,1.0,1.0,C,"[929, 852, 669, 384, 1140, 660, 623, 1006, 812, 1094, 816, 1022, 676, 853, 358, 469, 1065, 628, 990, 502, 656, 1047, 814, 785]"
286,1.0,1.0,0.0,D,"[1028, 990, 378, 667, 375, 1131, 660, 358, 929, 595, 1016, 1001, 1079, 501, 676, 812, 1006, 1129, 775, 607, 398, 973, 387, 656]"
287,1.0,1.0,0.0,D,"[1028, 990, 378, 667, 375, 1131, 660, 358, 929, 595, 1016, 1001, 1079, 501, 676, 812, 1006, 1129, 775, 607, 398, 973, 387, 656]"
288,1.0,1.0,0.0,C,"[733, 1028, 676, 804, 921, 705, 818, 774, 918, 932, 582, 358, 749, 498, 443, 484, 803, 1137, 929, 1086, 656, 1065, 1125, 905]"
289,1.0,1.0,0.0,C,"[733, 1028, 676, 804, 921, 705, 818, 774, 918, 932, 582, 358, 749, 498, 443, 484, 803, 1137, 929, 1086, 656, 1065, 1125, 905]"
290,1.0,1.0,0.0,K,"[1065, 727, 856, 440, 767, 800, 853, 1024, 473, 515, 642, 412, 929, 695, 1091, 457, 656, 563, 556, 358, 538, 769, 973, 1006]"
291,1.0,1.0,0.0,K,"[1065, 727, 856, 440, 767, 800, 853, 1024, 473, 515, 642, 412, 929, 695, 1091, 457, 656, 563, 556, 358, 538, 769, 973, 1006]"
292,1.0,1.0,1.0,B,"[656, 1099, 904, 825, 417, 724, 985, 1065, 441, 1101, 1006, 767, 577, 428, 759, 358, 447, 676, 819, 999, 845, 929, 667, 482]"
293,1.0,1.0,1.0,B,"[656, 1099, 904, 825, 417, 724, 985, 1065, 441, 1101, 1006, 767, 577, 428, 759, 358, 447, 676, 819, 999, 845, 929, 667, 482]"
294,1.0,1.0,0.0,C,"[1090, 493, 1117, 882, 545, 783, 424, 843, 838, 1100, 676, 793, 427, 516, 358, 474, 610, 903, 929, 656, 1065, 773, 1095, 742]"
295,1.0,1.0,0.0,C,"[1090, 493, 1117, 882, 545, 783, 424, 843, 838, 1100, 676, 793, 427, 516, 358, 474, 610, 903, 929, 656, 1065, 773, 1095, 742]"
296,1.0,1.0,1.0,D,"[358, 897, 605, 932, 1024, 831, 985, 929, 710, 563, 853, 381, 1065, 999, 676, 1125, 656, 1006, 887, 987, 742, 1091, 447, 1074]"
297,1.0,1.0,1.0,D,"[358, 897, 605, 932, 1024, 831, 985, 929, 710, 563, 853, 381, 1065, 999, 676, 1125, 656, 1006, 887, 987, 742, 1091, 447, 1074]"
298,1.0,1.0,1.0,B,"[676, 902, 929, 1129, 1065, 1006, 776, 646, 1016, 375, 648, 1041, 750, 833, 367, 630, 834, 358, 656, 479, 1001, 1109, 823, 679]"
299,1.0,1.0,1.0,B,"[676, 902, 929, 1129, 1065, 1006, 776, 646, 1016, 375, 648, 1041, 750, 833, 367, 630, 834, 358, 656, 479, 1001, 1109, 823, 679]"
300,1.0,1.0,1.0,W,"[656, 834, 962, 607, 929, 827, 610, 613, 876, 591, 671, 1108, 639, 676, 616, 1006, 1065, 558, 1079, 886, 595, 358, 932, 1000]"
301,1.0,1.0,1.0,W,"[656, 834, 962, 607, 929, 827, 610, 613, 876, 591, 671, 1108, 639, 676, 616, 1006, 1065, 558, 1079, 886, 595, 358, 932, 1000]"
302,1.0,1.0,1.0,T,"[1038, 656, 532, 493, 1006, 1065, 430, 358, 929, 676, 1099, 1007, 900, 727, 479, 691, 538, 432, 800, 1123, 1035, 827, 566, 785]"
303,1.0,1.0,1.0,T,"[1038, 656, 532, 493, 1006, 1065, 430, 358, 929, 676, 1099, 1007, 900, 727, 479, 691, 538, 432, 800, 1123, 1035, 827, 566, 785]"
304,1.0,1.0,0.0,D,"[767, 388, 367, 834, 764, 1000, 466, 1006, 473, 457, 916, 476, 918, 931, 686, 1022, 656, 441, 358, 1073, 760, 676, 645, 929]"
305,1.0,1.0,0.0,D,"[767, 388, 367, 834, 764, 1000, 466, 1006, 473, 457, 916, 476, 918, 931, 686, 1022, 656, 441, 358, 1073, 760, 676, 645, 929]"
306,1.0,1.0,0.0,W,"[929, 1128, 1123, 540, 1072, 872, 373, 714, 398, 820, 1065, 773, 1038, 466, 359, 358, 657, 405, 681, 987, 1006, 991, 735, 676]"
307,1.0,1.0,0.0,W,"[929, 1128, 1123, 540, 1072, 872, 373, 714, 398, 820, 1065, 773, 1038, 466, 359, 358, 657, 405, 681, 987, 1006, 991, 735, 676]"
308,1.0,1.0,1.0,C,"[576, 991, 558, 490, 571, 929, 887, 1065, 457, 1053, 930, 946, 798, 358, 476, 1131, 764, 962, 1006, 656, 686, 676, 909, 802]"
309,1.0,1.0,1.0,C,"[576, 991, 558, 490, 571, 929, 887, 1065, 457, 1053, 930, 946, 798, 358, 476, 1131, 764, 962, 1006, 656, 686, 676, 909, 802]"
310,1.0,1.0,1.0,T,"[1006, 412, 358, 516, 821, 953, 603, 1014, 1044, 583, 1065, 929, 774, 1013, 856, 888, 656, 669, 1119, 540, 1128, 991, 676, 513]"
311,1.0,1.0,1.0,T,"[1006, 412, 358, 516, 821, 953, 603, 1014, 1044, 583, 1065, 929, 774, 1013, 856, 888, 656, 669, 1119, 540, 1128, 991, 676, 513]"
312,1.0,1.0,1.0,K,"[1065, 838, 733, 476, 358, 640, 656, 929, 555, 1116, 1014, 676, 400, 1073, 864, 516, 1099, 1006, 759, 798, 918, 775, 816, 909]"
313,1.0,1.0,1.0,K,"[1065, 838, 733, 476, 358, 640, 656, 929, 555, 1116, 1014, 676, 400, 1073, 864, 516, 1099, 1006, 759, 798, 918, 775, 816, 909]"
314,1.0,1.0,0.0,W,"[464, 592, 829, 1065, 513, 793, 929, 823, 418, 511, 502, 367, 676, 1006, 705, 825, 490, 543, 638, 831, 1117, 765, 479, 358]"
315,1.0,1.0,0.0,W,"[464, 592, 829, 1065, 513, 793, 929, 823, 418, 511, 502, 367, 676, 1006, 705, 825, 490, 543, 638, 831, 1117, 765, 479, 358]"
316,1.0,1.0,1.0,B,"[358, 1051, 888, 605, 381, 910, 1065, 555, 676, 656, 820, 639, 800, 1044, 929, 419, 821, 681, 1006, 497, 695, 953, 735, 398]"
317,1.0,1.0,1.0,B,"[358, 1051, 888, 605, 381, 910, 1065, 555, 676, 656, 820, 639, 800, 1044, 929, 419, 821, 681, 1006, 497, 695, 953, 735, 398]"
318,1.0,1.0,0.0,T,"[802, 592, 409, 417, 383, 390, 903, 929, 359, 400, 908, 930, 1137, 909, 1006, 705, 656, 1065, 1112, 820, 735, 676, 379, 537]"
319,1.0,1.0,0.0,T,"[802, 592, 409, 417, 383, 390, 903, 929, 359, 400, 908, 930, 1137, 909, 1006, 705, 656, 1065, 1112, 820, 735, 676, 379, 537]"
320,1.0,1.0,0.0,C,"[358, 656, 693, 1130, 1013, 861, 827, 532, 874, 1037, 537, 876, 389, 702, 438, 1065, 359, 378, 522, 676, 753, 587, 1038, 929]"
321,1.0,1.0,0.0,C,"[358, 656, 693, 1130, 1013, 861, 827, 532, 874, 1037, 537, 876, 389, 702, 438, 1065, 359, 378, 522, 676, 753, 587, 1038, 929]"
322,1.0,1.0,0.0,W,"[985, 887, 409, 774, 358, 1046, 618, 676, 1065, 904, 1094, 929, 1006, 379, 634, 897, 895, 724, 532, 491, 819, 565, 605, 758]"
323,1.0,1.0,0.0,W,"[985, 887, 409, 774, 358, 1046, 618, 676, 1065, 904, 1094, 929, 1006, 379, 634, 897, 895, 724, 532, 491, 819, 565, 605, 758]"
324,1.0,1.0,0.0,C,"[663, 929, 603, 439, 566, 383, 709, 1065, 676, 358, 895, 772, 791, 765, 373, 543, 656, 638, 751, 934, 464, 806, 515, 1000]"
325,1.0,1.0,0.0,C,"[663, 929, 603, 439, 566, 383, 709, 1065, 676, 358, 895, 772, 791, 765, 373, 543, 656, 638, 751, 934, 464, 806, 515, 1000]"
326,1.0,1.0,1.0,K,"[656, 474, 929, 375, 524, 614, 424, 478, 577, 358, 1065, 620, 772, 559, 384, 676, 482, 1006, 428, 1041, 913, 760, 785, 930]"
327,1.0,1.0,1.0,K,"[656, 474, 929, 375, 524, 614, 424, 478, 577, 358, 1065, 620, 772, 559, 384, 676, 482, 1006, 428, 1041, 913, 760, 785, 930]"
328,1.0,1.0,0.0,T,"[427, 728, 565, 1085, 613, 1109, 1094, 1072, 825, 946, 1006, 497, 591, 610, 498, 371, 438, 864, 1046, 676, 938, 929, 1065, 656]"
329,1.0,1.0,0.0,T,"[427, 728, 565, 1085, 613, 1109, 1094, 1072, 825, 946, 1006, 497, 591, 610, 498, 371, 438, 864, 1046, 676, 938, 929, 1065, 656]"
330,1.0,1.0,0.0,B,"[401, 758, 1014, 710, 676, 539, 1006, 714, 358, 722, 855, 487, 817, 440, 656, 760, 478, 1065, 511, 618, 379, 664, 501, 1076]"
331,1.0,1.0,0.0,B,"[401, 758, 1014, 710, 676, 539, 1006, 714, 358, 722, 855, 487, 817, 440, 656, 760, 478, 1065, 511, 618, 379, 664, 501, 1076]"
332,1.0,1.0,1.0,W,"[389, 1095, 929, 358, 447, 833, 742, 938, 1006, 750, 633, 1100, 656, 676, 1065, 587, 998, 678, 439, 990, 1111, 900, 960, 1076]"
333,1.0,1.0,1.0,W,"[389, 1095, 929, 358, 447, 833, 742, 938, 1006, 750, 633, 1100, 656, 676, 1065, 587, 998, 678, 439, 990, 1111, 900, 960, 1076]"
334,1.0,1.0,0.0,D,"[773, 876, 663, 373, 676, 656, 872, 358, 790, 882, 618, 384, 905, 1006, 1134, 405, 753, 929, 633, 639, 758, 671, 488, 1088]"
335,1.0,1.0,0.0,D,"[773, 876, 663, 373, 676, 656, 872, 358, 790, 882, 618, 384, 905, 1006, 1134, 405, 753, 929, 633, 639, 758, 671, 488, 1088]"
336,2.0,1.0,,W,[656]
337,2.0,1.0,,C,[1006]
338,2.0,1.0,,W,[656]
339,2.0,1.0,,D,[1065]
340,2.0,1.0,,T,[358]
341,2.0,1.0,,B,[929]
342,2.0,1.0,,D,[1065]
343,2.0,1.0,,K,[676]
344,2.0,1.0,,W,[656]
345,2.0,1.0,,K,[676]
346,2.0,1.0,,C,[1006]
347,2.0,1.0,,K,[676]
348,2.0,1.0,,T,[358]
349,2.0,1.0,,D,[1065]
350,2.0,1.0,,C,[1006]
351,2.0,1.0,,W,[656]
352,2.0,1.0,,C,[1006]
353,2.0,1.0,,D,[1065]
354,2.0,1.0,,B,[929]
355,2.0,1.0,,K,[676]
356,2.0,1.0,,D,[1065]
357,2.0,1.0,,T,[358]
358,2.0,1.0,,D,[1065]
359,2.0,1.0,,C,[1006]
360,2.0,1.0,,W,[656]
361,2.0,1.0,,C,[1006]
362,2.0,1.0,,T,[358]
363,2.0,1.0,,W,[656]
364,2.0,1.0,,B,[929]
365,2.0,1.0,,W,[656]
366,2.0,1.0,,K,[676]
367,2.0,1.0,,B,[929]
368,2.0,1.0,,T,[358]
369,2.0,1.0,,D,[1065]
370,2.0,1.0,,K,[676]
371,2.0,1.0,,B,[929]
372,2.0,1.0,,K,[676]
373,2.0,1.0,,B,[929]
374,2.0,1.0,,C,[1006]
375,2.0,1.0,,W,[656]
376,2.0,1.0,,T,[358]
377,2.0,1.0,,B,[929]
378,2.0,1.0,,C,[1006]
379,2.0,1.0,,K,[676]
380,2.0,1.0,,T,[358]
381,2.0,1.0,,D,[1065]
382,2.0,1.0,,B,[929]
383,2.0,1.0,,T,[358]
384,0.0,2.0,0.0,Y,[741]
385,0.0,2.0,0.0,M,[875]
386,0.0,2.0,1.0,N,[448]
387,0.0,2.0,1.0,S,[712]
388,0.0,2.0,1.0,N,[792]
389,0.0,2.0,1.0,Y,[761]
390,0.0,2.0,0.0,S,[746]
391,0.0,2.0,0.0,S,[414]
392,0.0,2.0,1.0,Z,[526]
393,0.0,2.0,0.0,N,[579]
394,0.0,2.0,1.0,Z,[480]
395,0.0,2.0,1.0,M,[413]
396,0.0,2.0,0.0,Z,[609]
397,0.0,2.0,1.0,F,[1098]
398,0.0,2.0,0.0,N,[1015]
399,0.0,2.0,1.0,F,[815]
400,0.0,2.0,0.0,Z,[808]
401,0.0,2.0,1.0,M,[1096]
402,0.0,2.0,1.0,S,[460]
403,0.0,2.0,1.0,F,[385]
404,0.0,2.0,0.0,F,[842]
405,0.0,2.0,0.0,Z,[530]
406,0.0,2.0,0.0,Y,[600]
407,0.0,2.0,0.0,S,[911]
408,0.0,2.0,1.0,Y,[949]
409,0.0,2.0,1.0,F,[477]
410,0.0,2.0,0.0,Y,[1068]
411,0.0,2.0,1.0,S,[622]
412,0.0,2.0,1.0,Y,[421]
413,0.0,2.0,1.0,S,[766]
414,0.0,2.0,0.0,F,[797]
415,0.0,2.0,0.0,S,[561]
416,0.0,2.0,0.0,F,[621]
417,0.0,2.0,0.0,M,[997]
418,0.0,2.0,1.0,M,[475]
419,0.0,2.0,0.0,N,[611]
420,0.0,2.0,1.0,N,[906]
421,0.0,2.0,1.0,Z,[794]
422,0.0,2.0,0.0,M,[626]
423,0.0,2.0,1.0,Z,[863]
424,0.0,2.0,1.0,N,[677]
425,0.0,2.0,0.0,N,[544]
426,0.0,2.0,0.0,Y,[368]
427,0.0,2.0,1.0,Y,[851]
428,0.0,2.0,0.0,Z,[740]
429,0.0,2.0,0.0,F,[711]
430,0.0,2.0,0.0,M,[456]
431,0.0,2.0,1.0,M,[429]
432,1.0,2.0,0.0,M,"[737, 416, 782, 452, 423, 799, 454, 518, 692, 893, 525, 1049, 486, 840, 981, 1043, 739, 567, 453, 729, 617, 743, 1021, 1120]"
433,1.0,2.0,0.0,M,"[737, 416, 782, 452, 423, 799, 454, 518, 692, 893, 525, 1049, 486, 840, 981, 1043, 739, 567, 453, 729, 617, 743, 1021, 1120]"
434,1.0,2.0,1.0,S,"[939, 1019, 884, 624, 950, 570, 1113, 755, 907, 979, 435, 840, 708, 781, 698, 1045, 1089, 666, 523, 914, 602, 370, 964, 1026]"
435,1.0,2.0,1.0,S,"[939, 1019, 884, 624, 950, 570, 1113, 755, 907, 979, 435, 840, 708, 781, 698, 1045, 1089, 666, 523, 914, 602, 370, 964, 1026]"
436,1.0,2.0,1.0,M,"[606, 1070, 1008, 907, 878, 570, 824, 748, 1132, 422, 713, 1122, 403, 880, 1027, 848, 933, 589, 1102, 527, 444, 647, 1042, 684]"
437,1.0,2.0,1.0,M,"[606, 1070, 1008, 907, 878, 570, 824, 748, 1132, 422, 713, 1122, 403, 880, 1027, 848, 933, 589, 1102, 527, 444, 647, 1042, 684]"
438,1.0,2.0,0.0,N,"[824, 859, 965, 854, 891, 688, 422, 517, 604, 452, 519, 386, 917, 1010, 573, 862, 568, 964, 919, 984, 892, 1039, 993, 848]"
439,1.0,2.0,0.0,N,"[824, 859, 965, 854, 891, 688, 422, 517, 604, 452, 519, 386, 917, 1010, 573, 862, 568, 964, 919, 984, 892, 1039, 993, 848]"
440,1.0,2.0,1.0,Z,"[361, 596, 578, 644, 548, 731, 462, 631, 581, 636, 369, 525, 890, 1070, 492, 869, 531, 968, 535, 1104, 955, 689, 586, 585]"
441,1.0,2.0,1.0,Z,"[361, 596, 578, 644, 548, 731, 462, 631, 581, 636, 369, 525, 890, 1070, 492, 869, 531, 968, 535, 1104, 955, 689, 586, 585]"
442,1.0,2.0,1.0,S,"[756, 871, 857, 777, 527, 459, 1081, 366, 684, 641, 536, 597, 572, 983, 996, 898, 1027, 1018, 919, 885, 420, 1039, 1102, 1097]"
443,1.0,2.0,1.0,S,"[756, 871, 857, 777, 527, 459, 1081, 366, 684, 641, 536, 597, 572, 983, 996, 898, 1027, 1018, 919, 885, 420, 1039, 1102, 1097]"
444,1.0,2.0,1.0,M,"[912, 1056, 795, 386, 980, 974, 407, 723, 395, 471, 954, 977, 745, 666, 777, 884, 1087, 637, 585, 854, 396, 472, 370, 1133]"
445,1.0,2.0,1.0,M,"[912, 1056, 795, 386, 980, 974, 407, 723, 395, 471, 954, 977, 745, 666, 777, 884, 1087, 637, 585, 854, 396, 472, 370, 1133]"
446,1.0,2.0,0.0,F,"[1114, 723, 431, 698, 870, 465, 411, 1127, 1110, 996, 885, 942, 748, 690, 481, 450, 602, 799, 492, 444, 786, 738, 597, 1009]"
447,1.0,2.0,0.0,F,"[1114, 723, 431, 698, 870, 465, 411, 1127, 1110, 996, 885, 942, 748, 690, 481, 450, 602, 799, 492, 444, 786, 738, 597, 1009]"
448,1.0,2.0,1.0,N,"[503, 787, 704, 694, 394, 935, 364, 366, 527, 632, 1138, 363, 680, 392, 560, 1136, 506, 795, 528, 716, 525, 372, 380, 471]"
449,1.0,2.0,1.0,N,"[503, 787, 704, 694, 394, 935, 364, 366, 527, 632, 1138, 363, 680, 392, 560, 1136, 506, 795, 528, 716, 525, 372, 380, 471]"
450,1.0,2.0,0.0,Z,"[745, 849, 796, 470, 763, 604, 952, 1011, 954, 933, 392, 411, 978, 969, 461, 612, 1139, 1105, 680, 567, 547, 471, 606, 380]"
451,1.0,2.0,0.0,Z,"[745, 849, 796, 470, 763, 604, 952, 1011, 954, 933, 392, 411, 978, 969, 461, 612, 1139, 1105, 680, 567, 547, 471, 606, 380]"
452,1.0,2.0,0.0,Y,"[779, 581, 529, 420, 865, 920, 936, 1009, 528, 492, 1136, 1066, 1126, 967, 899, 578, 519, 1092, 485, 734, 841, 569, 1135, 781]"
453,1.0,2.0,0.0,Y,"[779, 581, 529, 420, 865, 920, 936, 1009, 528, 492, 1136, 1066, 1126, 967, 899, 578, 519, 1092, 485, 734, 841, 569, 1135, 781]"
454,1.0,2.0,0.0,N,"[570, 936, 978, 496, 907, 957, 1026, 1055, 684, 509, 683, 1023, 494, 1093, 1084, 840, 361, 713, 1092, 557, 1077, 451, 370, 943]"
455,1.0,2.0,0.0,N,"[570, 936, 978, 496, 907, 957, 1026, 1055, 684, 509, 683, 1023, 494, 1093, 1084, 840, 361, 713, 1092, 557, 1077, 451, 370, 943]"
456,1.0,2.0,0.0,S,"[517, 867, 534, 1106, 1138, 935, 995, 771, 795, 805, 528, 377, 828, 920, 416, 780, 455, 877, 519, 450, 986, 590, 811, 951]"
457,1.0,2.0,0.0,S,"[517, 867, 534, 1106, 1138, 935, 995, 771, 795, 805, 528, 377, 828, 920, 416, 780, 455, 877, 519, 450, 986, 590, 811, 951]"
458,1.0,2.0,1.0,M,"[1057, 1084, 959, 546, 869, 704, 694, 836, 668, 449, 732, 935, 520, 805, 986, 436, 557, 392, 1023, 593, 1106, 708, 738, 956]"
459,1.0,2.0,1.0,M,"[1057, 1084, 959, 546, 869, 704, 694, 836, 668, 449, 732, 935, 520, 805, 986, 436, 557, 392, 1023, 593, 1106, 708, 738, 956]"
460,1.0,2.0,0.0,S,"[486, 994, 651, 1118, 685, 1059, 1078, 782, 716, 408, 549, 422, 1115, 442, 967, 1023, 703, 942, 454, 744, 557, 1048, 901, 757]"
461,1.0,2.0,0.0,S,"[486, 994, 651, 1118, 685, 1059, 1078, 782, 716, 408, 549, 422, 1115, 442, 967, 1023, 703, 942, 454, 744, 557, 1048, 901, 757]"
462,1.0,2.0,1.0,M,"[458, 1034, 687, 562, 1124, 535, 1012, 917, 1110, 1039, 363, 971, 554, 939, 873, 1067, 467, 846, 661, 1018, 360, 547, 644, 1138]"
463,1.0,2.0,1.0,M,"[458, 1034, 687, 562, 1124, 535, 1012, 917, 1110, 1039, 363, 971, 554, 939, 873, 1067, 467, 846, 661, 1018, 360, 547, 644, 1138]"
464,1.0,2.0,1.0,S,"[847, 892, 948, 945, 495, 394, 824, 1092, 810, 830, 993, 1033, 958, 463, 912, 403, 496, 1107, 1049, 1008, 554, 1071, 697, 629]"
465,1.0,2.0,1.0,S,"[847, 892, 948, 945, 495, 394, 824, 1092, 810, 830, 993, 1033, 958, 463, 912, 403, 496, 1107, 1049, 1008, 554, 1071, 697, 629]"
466,1.0,2.0,1.0,N,"[485, 1102, 1118, 945, 548, 708, 731, 442, 778, 542, 1030, 890, 589, 729, 584, 376, 706, 743, 408, 1043, 933, 879, 1105, 1017]"
467,1.0,2.0,1.0,N,"[485, 1102, 1118, 945, 548, 708, 731, 442, 778, 542, 1030, 890, 589, 729, 584, 376, 706, 743, 408, 1043, 933, 879, 1105, 1017]"
468,1.0,2.0,0.0,F,"[841, 666, 956, 737, 393, 801, 1011, 830, 529, 847, 948, 624, 374, 554, 1048, 1089, 782, 534, 472, 877, 685, 362, 958, 459]"
469,1.0,2.0,0.0,F,"[841, 666, 956, 737, 393, 801, 1011, 830, 529, 847, 948, 624, 374, 554, 1048, 1089, 782, 534, 472, 877, 685, 362, 958, 459]"
470,1.0,2.0,1.0,Y,"[901, 944, 1078, 468, 768, 849, 531, 590, 952, 1026, 1020, 1089, 1055, 499, 1017, 463, 871, 1025, 685, 730, 393, 747, 408, 1059]"
471,1.0,2.0,1.0,Y,"[901, 944, 1078, 468, 768, 849, 531, 590, 952, 1026, 1020, 1089, 1055, 499, 1017, 463, 871, 1025, 685, 730, 393, 747, 408, 1059]"
472,1.0,2.0,1.0,S,"[891, 762, 688, 458, 1084, 521, 870, 936, 879, 1103, 574, 650, 500, 445, 397, 393, 1057, 1020, 449, 846, 485, 551, 779, 737]"
473,1.0,2.0,1.0,S,"[891, 762, 688, 458, 1084, 521, 870, 936, 879, 1103, 574, 650, 500, 445, 397, 393, 1057, 1020, 449, 846, 485, 551, 779, 737]"
474,1.0,2.0,0.0,Y,"[1010, 796, 858, 604, 994, 951, 369, 784, 1011, 551, 964, 397, 641, 649, 937, 372, 399, 462, 361, 877, 425, 889, 822, 1075]"
475,1.0,2.0,0.0,Y,"[1010, 796, 858, 604, 994, 951, 369, 784, 1011, 551, 964, 397, 641, 649, 937, 372, 399, 462, 361, 877, 425, 889, 822, 1075]"
476,1.0,2.0,0.0,S,"[396, 787, 1056, 721, 431, 1136, 1077, 747, 415, 692, 947, 1126, 807, 632, 426, 364, 598, 963, 944, 1029, 452, 893, 768, 850]"
477,1.0,2.0,0.0,S,"[396, 787, 1056, 721, 431, 1136, 1077, 747, 415, 692, 947, 1126, 807, 632, 426, 364, 598, 963, 944, 1029, 452, 893, 768, 850]"
478,1.0,2.0,1.0,F,"[805, 546, 901, 1135, 699, 986, 404, 858, 612, 1081, 878, 880, 552, 382, 1104, 365, 569, 1067, 1054, 950, 736, 445, 899, 922]"
479,1.0,2.0,1.0,F,"[805, 546, 901, 1135, 699, 986, 404, 858, 612, 1081, 878, 880, 552, 382, 1104, 365, 569, 1067, 1054, 950, 736, 445, 899, 922]"
480,1.0,2.0,0.0,Z,"[1017, 365, 937, 1052, 738, 562, 509, 659, 715, 917, 690, 1034, 434, 508, 940, 984, 854, 880, 736, 1083, 943, 406, 360, 625]"
481,1.0,2.0,0.0,Z,"[1017, 365, 937, 1052, 738, 562, 509, 659, 715, 917, 690, 1034, 434, 508, 940, 984, 854, 880, 736, 1083, 943, 406, 360, 625]"
482,1.0,2.0,1.0,Y,"[377, 455, 736, 688, 915, 680, 433, 391, 574, 778, 950, 996, 948, 995, 744, 940, 993, 374, 1107, 500, 696, 1081, 596, 780]"
483,1.0,2.0,1.0,Y,"[377, 455, 736, 688, 915, 680, 433, 391, 574, 778, 950, 996, 948, 995, 744, 940, 993, 374, 1107, 500, 696, 1081, 596, 780]"
484,1.0,2.0,1.0,F,"[512, 1097, 521, 553, 636, 574, 535, 961, 707, 734, 828, 449, 1078, 689, 757, 406, 849, 581, 809, 923, 1021, 499, 547, 954]"
485,1.0,2.0,1.0,F,"[512, 1097, 521, 553, 636, 574, 535, 961, 707, 734, 828, 449, 1078, 689, 757, 406, 849, 581, 809, 923, 1021, 499, 547, 954]"
486,1.0,2.0,1.0,Z,"[374, 507, 729, 981, 734, 619, 923, 1122, 848, 822, 1031, 402, 444, 573, 713, 1010, 552, 988, 637, 391, 1030, 1043, 1075, 453]"
487,1.0,2.0,1.0,Z,"[374, 507, 729, 981, 734, 619, 923, 1122, 848, 822, 1031, 402, 444, 573, 713, 1010, 552, 988, 637, 391, 1030, 1043, 1075, 453]"
488,1.0,2.0,0.0,M,"[597, 984, 534, 632, 512, 629, 1105, 789, 965, 879, 588, 1058, 364, 651, 406, 514, 698, 978, 870, 839, 435, 1139, 564, 943]"
489,1.0,2.0,0.0,M,"[597, 984, 534, 632, 512, 629, 1105, 789, 965, 879, 588, 1058, 364, 651, 406, 514, 698, 978, 870, 839, 435, 1139, 564, 943]"
490,1.0,2.0,0.0,Y,"[470, 624, 602, 426, 770, 762, 450, 659, 394, 434, 1054, 380, 919, 619, 445, 1030, 830, 898, 970, 771, 813, 914, 1115, 1097]"
491,1.0,2.0,0.0,Y,"[470, 624, 602, 426, 770, 762, 450, 659, 394, 434, 1054, 380, 919, 619, 445, 1030, 830, 898, 970, 771, 813, 914, 1115, 1097]"
492,1.0,2.0,1.0,F,"[770, 940, 647, 835, 369, 939, 869, 719, 763, 1018, 779, 784, 813, 533, 395, 969, 1087, 1070, 715, 590, 1029, 635, 596, 507]"
493,1.0,2.0,1.0,F,"[770, 940, 647, 835, 369, 939, 869, 719, 763, 1018, 779, 784, 813, 533, 395, 969, 1087, 1070, 715, 590, 1029, 635, 596, 507]"
494,1.0,2.0,1.0,Z,"[789, 748, 699, 399, 1121, 593, 799, 472, 423, 560, 425, 719, 971, 970, 569, 788, 682, 1133, 518, 866, 494, 541, 661, 941]"
495,1.0,2.0,1.0,Z,"[789, 748, 699, 399, 1121, 593, 799, 472, 423, 560, 425, 719, 971, 970, 569, 788, 682, 1133, 518, 866, 494, 541, 661, 941]"
496,1.0,2.0,1.0,N,"[1106, 771, 867, 768, 1059, 658, 425, 377, 643, 1056, 1027, 967, 514, 896, 434, 850, 912, 744, 781, 486, 1103, 745, 944, 500]"
497,1.0,2.0,1.0,N,"[1106, 771, 867, 768, 1059, 658, 425, 377, 643, 1056, 1027, 967, 514, 896, 434, 850, 912, 744, 781, 486, 1103, 745, 944, 500]"
498,1.0,2.0,0.0,M,"[494, 835, 575, 523, 755, 404, 1048, 892, 961, 541, 366, 489, 503, 757, 1031, 881, 716, 706, 365, 1083, 1127, 598, 568, 890]"
499,1.0,2.0,0.0,M,"[494, 835, 575, 523, 755, 404, 1048, 892, 961, 541, 366, 489, 503, 757, 1031, 881, 716, 706, 365, 1083, 1127, 598, 568, 890]"
500,1.0,2.0,1.0,Y,"[720, 495, 670, 847, 807, 548, 465, 966, 957, 461, 542, 1019, 955, 431, 682, 1103, 636, 947, 402, 689, 573, 509, 719, 1080]"
501,1.0,2.0,1.0,Y,"[720, 495, 670, 847, 807, 548, 465, 966, 957, 461, 542, 1019, 955, 431, 682, 1103, 636, 947, 402, 689, 573, 509, 719, 1080]"
502,1.0,2.0,0.0,N,"[1049, 898, 549, 508, 416, 458, 959, 433, 619, 1080, 402, 1019, 551, 1124, 941, 1122, 1034, 811, 884, 415, 994, 822, 585, 468]"
503,1.0,2.0,0.0,N,"[1049, 898, 549, 508, 416, 458, 959, 433, 619, 1080, 402, 1019, 551, 1124, 941, 1122, 1034, 811, 884, 415, 994, 822, 585, 468]"
504,1.0,2.0,1.0,F,"[955, 995, 1126, 461, 504, 963, 391, 598, 641, 489, 510, 1057, 625, 453, 399, 721, 661, 606, 947, 762, 407, 1045, 857, 562]"
505,1.0,2.0,1.0,F,"[955, 995, 1126, 461, 504, 963, 391, 598, 641, 489, 510, 1057, 625, 453, 399, 721, 661, 606, 947, 762, 407, 1045, 857, 562]"
506,1.0,2.0,0.0,S,"[835, 436, 786, 514, 649, 668, 957, 1009, 1120, 481, 961, 1132, 647, 959, 809, 720, 386, 743, 922, 1110, 617, 725, 1135, 980]"
507,1.0,2.0,0.0,S,"[835, 436, 786, 514, 649, 668, 957, 1009, 1120, 481, 961, 1132, 647, 959, 809, 720, 386, 743, 922, 1110, 617, 725, 1135, 980]"
508,1.0,2.0,0.0,Z,"[451, 503, 575, 465, 839, 683, 665, 687, 395, 410, 533, 770, 546, 362, 529, 1021, 841, 739, 862, 643, 499, 1055, 433, 510]"
509,1.0,2.0,0.0,Z,"[451, 503, 575, 465, 839, 683, 665, 687, 395, 410, 533, 770, 546, 362, 529, 1021, 841, 739, 862, 643, 499, 1055, 433, 510]"
510,1.0,2.0,0.0,Y,"[862, 756, 612, 410, 958, 945, 885, 459, 992, 552, 811, 828, 866, 1033, 941, 844, 508, 963, 788, 786, 979, 625, 517, 683]"
511,1.0,2.0,0.0,Y,"[862, 756, 612, 410, 958, 945, 885, 459, 992, 552, 811, 828, 866, 1033, 941, 844, 508, 963, 788, 786, 979, 625, 517, 683]"
512,1.0,2.0,1.0,N,"[730, 747, 1083, 1020, 360, 470, 495, 668, 807, 977, 567, 435, 846, 937, 1133, 1008, 920, 682, 979, 437, 423, 725, 462, 789]"
513,1.0,2.0,1.0,N,"[730, 747, 1083, 1020, 360, 470, 495, 668, 807, 977, 567, 435, 846, 937, 1133, 1008, 920, 682, 979, 437, 423, 725, 462, 789]"
514,1.0,2.0,0.0,F,"[649, 520, 518, 1033, 836, 777, 839, 983, 971, 637, 1066, 739, 629, 531, 865, 914, 755, 720, 1031, 397, 1139, 687, 644, 541]"
515,1.0,2.0,0.0,F,"[649, 520, 518, 1033, 836, 777, 839, 983, 971, 637, 1066, 739, 629, 531, 865, 914, 755, 720, 1031, 397, 1139, 687, 644, 541]"
516,1.0,2.0,0.0,Z,"[878, 1066, 589, 542, 992, 865, 858, 1124, 778, 784, 588, 407, 372, 512, 704, 859, 915, 1127, 1093, 706, 836, 966, 977, 881]"
517,1.0,2.0,0.0,Z,"[878, 1066, 589, 542, 992, 865, 858, 1124, 778, 784, 588, 407, 372, 512, 704, 859, 915, 1127, 1093, 706, 836, 966, 977, 881]"
518,1.0,2.0,0.0,F,"[893, 436, 881, 1050, 410, 564, 889, 871, 659, 575, 692, 980, 866, 536, 981, 1115, 426, 703, 756, 1120, 420, 796, 578, 788]"
519,1.0,2.0,0.0,F,"[893, 436, 881, 1050, 410, 564, 889, 871, 659, 575, 692, 980, 866, 536, 981, 1115, 426, 703, 756, 1120, 420, 796, 578, 788]"
520,1.0,2.0,0.0,N,"[593, 1075, 455, 1058, 970, 523, 665, 780, 588, 403, 1132, 1107, 454, 951, 651, 975, 952, 915, 463, 396, 617, 586, 992, 966]"
521,1.0,2.0,0.0,N,"[593, 1075, 455, 1058, 970, 523, 665, 780, 588, 403, 1132, 1107, 454, 951, 651, 975, 952, 915, 463, 396, 617, 586, 992, 966]"
522,1.0,2.0,1.0,Y,"[510, 665, 643, 586, 725, 1118, 731, 690, 942, 481, 1104, 715, 801, 894, 615, 1077, 1114, 536, 451, 1029, 442, 496, 507, 923]"
523,1.0,2.0,1.0,Y,"[510, 665, 643, 586, 725, 1118, 731, 690, 942, 481, 1104, 715, 801, 894, 615, 1077, 1114, 536, 451, 1029, 442, 496, 507, 923]"
524,1.0,2.0,1.0,Z,"[489, 568, 1114, 813, 694, 801, 363, 730, 1080, 658, 520, 404, 468, 564, 1040, 965, 1067, 1054, 1058, 1087, 899, 889, 723, 956]"
525,1.0,2.0,1.0,Z,"[489, 568, 1114, 813, 694, 801, 363, 730, 1080, 658, 520, 404, 468, 564, 1040, 965, 1067, 1054, 1058, 1087, 899, 889, 723, 956]"
526,1.0,2.0,0.0,M,"[699, 658, 703, 850, 809, 549, 415, 1093, 411, 362, 859, 721, 867, 533, 787, 521, 857, 1045, 969, 560, 922, 891, 763, 983]"
527,1.0,2.0,0.0,M,"[699, 658, 703, 850, 809, 549, 415, 1093, 411, 362, 859, 721, 867, 533, 787, 521, 857, 1045, 969, 560, 922, 891, 763, 983]"
528,2.0,2.0,,F,['fruit']
529,2.0,2.0,,S,['stripes']
530,2.0,2.0,,N,['banana']
531,2.0,2.0,,S,['stripes']
532,2.0,2.0,,N,['banana']
533,2.0,2.0,,Y,['yellow']
534,2.0,2.0,,M,['mammal']
535,2.0,2.0,,Y,['yellow']
536,2.0,2.0,,Z,['zebra']
537,2.0,2.0,,Y,['yellow']
538,2.0,2.0,,Z,['zebra']
539,2.0,2.0,,M,['mammal']
540,2.0,2.0,,N,['banana']
541,2.0,2.0,,F,['fruit']
542,2.0,2.0,,Z,['zebra']
543,2.0,2.0,,F,['fruit']
544,2.0,2.0,,S,['stripes']
545,2.0,2.0,,M,['mammal']
546,2.0,2.0,,S,['stripes']
547,2.0,2.0,,F,['fruit']
548,2.0,2.0,,Y,['yellow']
549,2.0,2.0,,M,['mammal']
550,2.0,2.0,,F,['fruit']
551,2.0,2.0,,N,['banana']
552,2.0,2.0,,Y,['yellow']
553,2.0,2.0,,F,['fruit']
554,2.0,2.0,,Z,['zebra']
555,2.0,2.0,,S,['stripes']
556,2.0,2.0,,Y,['yellow']
557,2.0,2.0,,S,['stripes']
558,2.0,2.0,,Z,['zebra']
559,2.0,2.0,,M,['mammal']
560,2.0,2.0,,Y,['yellow']
561,2.0,2.0,,S,['stripes']
562,2.0,2.0,,M,['mammal']
563,2.0,2.0,,Z,['zebra']
564,2.0,2.0,,N,['banana']
565,2.0,2.0,,Z,['zebra']
566,2.0,2.0,,N,['banana']
567,2.0,2.0,,Z,['zebra']
568,2.0,2.0,,N,['banana']
569,2.0,2.0,,F,['fruit']
570,2.0,2.0,,S,['stripes']
571,2.0,2.0,,Y,['yellow']
572,2.0,2.0,,N,['banana']
573,2.0,2.0,,M,['mammal']
574,2.0,2.0,,F,['fruit']
575,2.0,2.0,,M,['mammal']
576,3.0,0.0,,L,[185]
577,3.0,0.0,,V,[129]
578,3.0,0.0,,R,[74]
579,3.0,0.0,,L,[185]
580,3.0,0.0,,V,[129]
581,3.0,0.0,,P,[257]
582,3.0,0.0,,V,[129]
583,3.0,0.0,,R,[74]
584,3.0,0.0,,H,[17]
585,3.0,0.0,,R,[74]
586,3.0,0.0,,V,[129]
587,3.0,0.0,,E,[307]
588,3.0,0.0,,R,[74]
589,3.0,0.0,,V,[129]
590,3.0,0.0,,L,[185]
591,3.0,0.0,,E,[307]
592,3.0,0.0,,P,[257]
593,3.0,0.0,,H,[17]
594,3.0,0.0,,E,[307]
595,3.0,0.0,,L,[185]
596,3.0,0.0,,E,[307]
597,3.0,0.0,,L,[185]
598,3.0,0.0,,E,[307]
599,3.0,0.0,,H,[17]
600,3.0,0.0,,E,[307]
601,3.0,0.0,,H,[17]
602,3.0,0.0,,P,[257]
603,3.0,0.0,,E,[307]
604,3.0,0.0,,R,[74]
605,3.0,0.0,,H,[17]
606,3.0,0.0,,L,[185]
607,3.0,0.0,,P,[257]
608,3.0,0.0,,V,[129]
609,3.0,0.0,,H,[17]
610,3.0,0.0,,P,[257]
611,3.0,0.0,,L,[185]
612,3.0,0.0,,V,[129]
613,3.0,0.0,,R,[74]
614,3.0,0.0,,H,[17]
615,3.0,0.0,,L,[185]
616,3.0,0.0,,R,[74]
617,3.0,0.0,,V,[129]
618,3.0,0.0,,E,[307]
619,3.0,0.0,,P,[257]
620,3.0,0.0,,H,[17]
621,3.0,0.0,,P,[257]
622,3.0,0.0,,R,[74]
623,3.0,0.0,,P,[257]
624,3.0,1.0,,B,[929]
625,3.0,1.0,,W,[656]
626,3.0,1.0,,C,[1006]
627,3.0,1.0,,T,[358]
628,3.0,1.0,,C,[1006]
629,3.0,1.0,,K,[676]
630,3.0,1.0,,D,[1065]
631,3.0,1.0,,C,[1006]
632,3.0,1.0,,K,[676]
633,3.0,1.0,,W,[656]
634,3.0,1.0,,K,[676]
635,3.0,1.0,,D,[1065]
636,3.0,1.0,,C,[1006]
637,3.0,1.0,,D,[1065]
638,3.0,1.0,,C,[1006]
639,3.0,1.0,,T,[358]
640,3.0,1.0,,D,[1065]
641,3.0,1.0,,B,[929]
642,3.0,1.0,,T,[358]
643,3.0,1.0,,C,[1006]
644,3.0,1.0,,W,[656]
645,3.0,1.0,,B,[929]
646,3.0,1.0,,T,[358]
647,3.0,1.0,,B,[929]
648,3.0,1.0,,K,[676]
649,3.0,1.0,,D,[1065]
650,3.0,1.0,,T,[358]
651,3.0,1.0,,W,[656]
652,3.0,1.0,,C,[1006]
653,3.0,1.0,,B,[929]
654,3.0,1.0,,D,[1065]
655,3.0,1.0,,W,[656]
656,3.0,1.0,,K,[676]
657,3.0,1.0,,W,[656]
658,3.0,1.0,,K,[676]
659,3.0,1.0,,B,[929]
660,3.0,1.0,,T,[358]
661,3.0,1.0,,W,[656]
662,3.0,1.0,,T,[358]
663,3.0,1.0,,W,[656]
664,3.0,1.0,,D,[1065]
665,3.0,1.0,,B,[929]
666,3.0,1.0,,C,[1006]
667,3.0,1.0,,K,[676]
668,3.0,1.0,,D,[1065]
669,3.0,1.0,,K,[676]
670,3.0,1.0,,T,[358]
671,3.0,1.0,,B,[929]
672,3.0,2.0,,N,['banana']
673,3.0,2.0,,F,['fruit']
674,3.0,2.0,,S,['stripes']
675,3.0,2.0,,M,['mammal']
676,3.0,2.0,,Y,['yellow']
677,3.0,2.0,,N,['banana']
678,3.0,2.0,,Y,['yellow']
679,3.0,2.0,,F,['fruit']
680,3.0,2.0,,M,['mammal']
681,3.0,2.0,,Z,['zebra']
682,3.0,2.0,,Y,['yellow']
683,3.0,2.0,,Z,['zebra']
684,3.0,2.0,,F,['fruit']
685,3.0,2.0,,N,['banana']
686,3.0,2.0,,M,['mammal']
687,3.0,2.0,,S,['stripes']
688,3.0,2.0,,N,['banana']
689,3.0,2.0,,Z,['zebra']
690,3.0,2.0,,F,['fruit']
691,3.0,2.0,,Y,['yellow']
692,3.0,2.0,,S,['stripes']
693,3.0,2.0,,M,['mammal']
694,3.0,2.0,,Y,['yellow']
695,3.0,2.0,,M,['mammal']
696,3.0,2.0,,F,['fruit']
697,3.0,2.0,,N,['banana']
698,3.0,2.0,,Z,['zebra']
699,3.0,2.0,,S,['stripes']
700,3.0,2.0,,Z,['zebra']
701,3.0,2.0,,Y,['yellow']
702,3.0,2.0,,M,['mammal']
703,3.0,2.0,,F,['fruit']
704,3.0,2.0,,Z,['zebra']
705,3.0,2.0,,N,['banana']
706,3.0,2.0,,Z,['zebra']
707,3.0,2.0,,F,['fruit']
708,3.0,2.0,,M,['mammal']
709,3.0,2.0,,N,['banana']
710,3.0,2.0,,S,['stripes']
711,3.0,2.0,,N,['banana']
712,3.0,2.0,,S,['stripes']
713,3.0,2.0,,Z,['zebra']
714,3.0,2.0,,F,['fruit']
715,3.0,2.0,,S,['stripes']
716,3.0,2.0,,M,['mammal']
717,3.0,2.0,,Y,['yellow']
718,3.0,2.0,,S,['stripes']
719,3.0,2.0,,Y,['yellow']
