stimStart,ButtonPressed,Value,TargetTime
12.006460702999902,13.858501184000488,1.0,
16.01429655999891,17.01063175099989,1.0,
20.013619047000248,20.871417993999785,1.0,
24.013425725999696,25.813317353000457,0.0,
28.013524635000067,29.3592492759999,0.0,
32.0136942379977,33.27327101899937,0.0,
36.013931733999925,37.36471711500053,1.0,
40.01362739400065,41.35037327199825,0.0,
48.012392198997986,49.754805230000784,0.0,
52.01285809500041,53.37367760199777,0.0,
56.0120642289985,56.95181541199781,1.0,
60.01215951499762,61.06664436899882,1.0,
64.01165375399796,65.05094847799774,1.0,
68.01209296399975,70.08766585299963,0.0,
72.01188012299826,74.18125734400019,0.0,
80.0111697459979,81.18073524099964,1.0,
84.01112964499771,85.1166599749995,1.0,
88.0103533649999,89.21095382799831,1.0,
92.01089128999956,92.96345269499943,1.0,
96.01021279999622,97.0560360039999,0.0,
100.0101201260004,101.24986653199812,0.0,
104.01044155400086,105.17347601800066,0.0,
112.00964008200026,113.2171377980012,1.0,
116.00966309100113,117.22539711399804,0.0,
120.00955628999873,121.85777607500131,0.0,
124.00914711100268,125.40092657100104,1.0,
128.00922248099596,129.33046497899704,1.0,
132.00858021300155,133.19961516699914,1.0,
136.00812787499672,137.1014114259997,0.0,
140.00852837099592,141.69269162800265,0.0,
144.00775812299617,144.9660207529996,0.0,
148.00637881299554,149.04043769499913,1.0,
152.00651172799917,153.59517477800182,0.0,
156.00637920300142,157.195309990002,1.0,
164.00724834199718,165.53109357200083,1.0,
168.0068894249962,168.9550035359971,1.0,
172.00752639899656,173.05474520299686,0.0,
176.0080035749961,177.446269778,0.0,
180.00671215400143,181.18052116800027,1.0,
184.00825251800052,185.4019597089973,0.0,
188.00616825399993,188.92153138199865,0.0,
196.0056216060002,197.2162555950017,1.0,
200.00688535399604,201.4305090750022,1.0,
204.00481588500043,205.00111619400195,1.0,
208.0060096019988,209.37520234800104,0.0,
212.00849091099735,213.18041785999594,0.0,
216.01316448000216,217.70819337600187,1.0,
220.01280464500087,220.98506733999602,0.0,
15.999734691999038,20.4254676069977,1.0,19.873662548998254
15.999734691999038,20.4254676069977,1.0,19.873662548998254
23.999487301000045,30.84124371800135,0.0,
23.999487301000045,30.84124371800135,0.0,
32.01592051999614,39.61840612499509,1.0,
32.01592051999614,39.61840612499509,1.0,
40.01629143500031,46.89039241299906,0.0,
40.01629143500031,46.89039241299906,0.0,
48.0164040019954,55.15210199300054,0.0,
48.0164040019954,55.15210199300054,0.0,
56.0169018939996,63.24597533400083,0.0,61.14756679799757
56.0169018939996,63.24597533400083,0.0,61.14756679799757
64.04712378499971,71.82427587400161,0.0,
64.04712378499971,71.82427587400161,0.0,
80.0540582409958,87.05159041099978,0.0,84.17984154100122
80.0540582409958,87.05159041099978,0.0,84.17984154100122
88.05392953599949,95.07779570899584,0.0,92.5537378059962
88.05392953599949,95.07779570899584,0.0,92.5537378059962
96.0541693539999,101.83981678800046,1.0,99.67851842600066
96.0541693539999,101.83981678800046,1.0,99.67851842600066
104.0614853549996,109.00735472000088,1.0,109.94471288399654
104.0614853549996,109.00735472000088,1.0,109.94471288399654
112.06912526399537,118.91823604099773,1.0,
112.06912526399537,118.91823604099773,1.0,
128.06874894299835,135.43274246299552,1.0,131.31896876799874
128.06874894299835,135.43274246299552,1.0,131.31896876799874
136.0681352679967,142.4905065970015,1.0,
136.0681352679967,142.4905065970015,1.0,
144.0680269539953,149.75123683299898,1.0,148.95080962599604
144.0680269539953,149.75123683299898,1.0,148.95080962599604
152.0761213059959,159.02160841399746,0.0,
152.0761213059959,159.02160841399746,0.0,
168.09148365199508,174.8650323729962,0.0,171.09198267699685
168.09148365199508,174.8650323729962,0.0,171.09198267699685
176.10000995000155,181.70002093199582,1.0,
176.10000995000155,181.70002093199582,1.0,
184.0997114109996,190.1903725469965,1.0,
184.0997114109996,190.1903725469965,1.0,
192.11635987999762,199.20957359099702,0.0,
192.11635987999762,199.20957359099702,0.0,
200.13255695399857,207.16750544100069,0.0,204.00672285699693
200.13255695399857,207.16750544100069,0.0,204.00672285699693
208.14793539899983,214.89045241599524,1.0,
208.14793539899983,214.89045241599524,1.0,
224.15584754099837,232.0078097289952,0.0,229.28042895399994
224.15584754099837,232.0078097289952,0.0,229.28042895399994
232.15639395299513,236.6133354229969,1.0,
232.15639395299513,236.6133354229969,1.0,
240.17219567899883,247.08045587699598,0.0,243.66390567000053
240.17219567899883,247.08045587699598,0.0,243.66390567000053
248.17162939099944,253.11451767099788,1.0,253.91254891399876
248.17162939099944,253.11451767099788,1.0,253.91254891399876
256.1716531209968,261.1349023189978,1.0,260.0543781029992
256.1716531209968,261.1349023189978,1.0,260.0543781029992
264.1962031229996,270.0845489810017,1.0,
264.1962031229996,270.0845489810017,1.0,
272.2036161360011,278.0754390649963,1.0,277.2036905029963
272.2036161360011,278.0754390649963,1.0,277.2036905029963
288.2193683660007,295.4246578839957,0.0,
288.2193683660007,295.4246578839957,0.0,
296.23557379299746,302.95590531899506,0.0,
296.23557379299746,302.95590531899506,0.0,
304.2361360559953,309.588580333002,1.0,308.9938635610015
304.2361360559953,309.588580333002,1.0,308.9938635610015
312.2438837209993,316.12826271200174,1.0,315.3689113529981
312.2438837209993,316.12826271200174,1.0,315.3689113529981
320.24326435499825,327.14570905899745,0.0,323.6175756529992
320.24326435499825,327.14570905899745,0.0,323.6175756529992
336.2417740210003,341.4537334310007,1.0,340.617423853997
336.2417740210003,341.4537334310007,1.0,340.617423853997
344.2417315089988,350.7007727550008,1.0,
344.2417315089988,350.7007727550008,1.0,
352.24303004099784,357.53530489200057,1.0,356.7410651760001
352.24303004099784,357.53530489200057,1.0,356.7410651760001
360.24330458199984,366.99834821999684,0.0,
360.24330458199984,366.99834821999684,0.0,
368.257858236997,374.941865392997,0.0,371.3822542199996
368.257858236997,374.941865392997,0.0,371.3822542199996
376.25953267500154,383.70327297900076,0.0,
376.25953267500154,383.70327297900076,0.0,
384.2763847519964,390.1371436779955,1.0,389.29056340199895
384.2763847519964,390.1371436779955,1.0,389.29056340199895
400.3230127939969,407.2521535529959,0.0,
400.3230127939969,407.2521535529959,0.0,
408.32241724900086,414.2704403030002,1.0,
408.32241724900086,414.2704403030002,1.0,
416.33826379299717,423.19219488999806,0.0,
416.33826379299717,423.19219488999806,0.0,
424.35463587399863,430.05820115000097,1.0,428.4882468299984
424.35463587399863,430.05820115000097,1.0,428.4882468299984
432.3615623209989,439.3670708150021,0.0,
432.3615623209989,439.3670708150021,0.0,
440.370915554995,447.2578934810008,0.0,
440.370915554995,447.2578934810008,0.0,
448.3710047409986,455.24076911500015,1.0,451.745224940998
448.3710047409986,455.24076911500015,1.0,451.745224940998
12.000959525001235,15.620647832998657,1.0,
15.999548460997175,17.736945440003183,1.0,
19.999879463997786,22.0688439259975,1.0,
23.999731053001597,26.281492522000917,1.0,
27.99975291699957,29.989671515999362,0.0,
32.00095688900183,34.35524772899953,1.0,
35.99956317299802,38.160466690998874,1.0,
39.99935857800301,42.21840176099795,1.0,
47.99976467200031,50.9879892750032,0.0,
51.99797507400217,54.65083368399792,1.0,
55.999507751002966,58.57142190000013,1.0,
59.99787684599869,63.155825711000944,1.0,
63.99882522600092,65.85203203499987,0.0,
67.99744986499718,70.99419490400032,1.0,
71.99870437000209,74.58422912999958,1.0,
79.99783421799657,81.27494840900181,1.0,
83.99738011299632,86.14857283199672,1.0,
87.997191096998,90.70256377699843,0.0,
91.99688736000098,94.5279385449976,1.0,
95.99729079000099,97.79357823699684,1.0,
99.99579175800318,102.72546892199898,1.0,
103.9973029449975,106.4886350309971,1.0,
111.99669860799622,115.04040659999737,0.0,
115.99524054300127,118.59812711999984,0.0,
119.9956260320032,121.8291383179967,1.0,
123.99533217200224,126.83757426399825,1.0,
127.99480099599896,131.25471260100312,0.0,
131.99516906299687,134.20929573899775,1.0,
135.99513718699745,138.4335010020004,1.0,
139.9944505320018,143.74793019900244,1.0,
143.99411589899682,146.03997862800315,0.0,
147.99429352000152,150.86345604799862,1.0,
151.9933554340023,154.4074282340007,1.0,
155.99387395200029,157.90530880900042,0.0,
163.99324871799763,167.51306822199695,1.0,
167.99327719100256,170.87589610100258,1.0,
171.99253157000203,175.3753432960002,1.0,
175.99254487599683,179.26470724999672,1.0,
179.99270177599828,183.411542859998,0.0,
183.992580336002,186.32475836700178,1.0,
187.99175853600173,190.55573559599725,0.0,
195.99208735400316,198.0918059980031,0.0,
199.9911321030013,202.92560478400264,1.0,
203.99091071300063,206.40081695200206,1.0,
207.99140796899883,209.90324137300195,1.0,
211.99117218200263,214.42795913699956,1.0,
215.99066224200214,218.22243058699678,1.0,
219.99001805699663,223.04757564100146,1.0,
12.005426754003565,13.595296452003822,0.0,
16.01504071600357,17.057195081004465,0.0,
20.00505461799912,20.975393655004154,1.0,
24.005079070004285,25.13799464800104,0.0,
28.005277092997858,29.18154949000018,1.0,
32.004916862002574,32.996057124997606,0.0,
36.004247051001585,36.92545749800047,0.0,
40.015719094000815,41.292596395003784,1.0,
44.004569040000206,45.09085511200101,0.0,
52.003466093003226,53.16660544500337,0.0,
56.015367676001915,56.96451455100032,1.0,
60.00325171199802,60.99874057600391,0.0,
64.01562240099884,64.90977439400012,0.0,
68.00256076500227,69.12479298000108,1.0,
72.01605497700075,73.0311832189982,1.0,
76.00266828700114,77.62068470400118,1.0,
84.00179695599945,85.10682202700264,0.0,
88.01671535400237,88.8502970000045,1.0,
92.00060066700098,92.96028553500219,1.0,
96.00102099100332,97.18524878800235,1.0,
100.0007359240044,101.06665420000354,0.0,
104.00121230500372,104.95368214000337,1.0,
108.0008918559979,108.96606210400205,0.0,
116.00045144400065,117.0202202310029,1.0,
120.00084375800361,121.09500616600417,1.0,
124.00075921400276,124.87885051700141,0.0,
128.00090563199774,129.08507470900076,0.0,
131.99986917000206,133.67847685400193,1.0,
136.00130734599952,137.37809237500187,0.0,
139.99944119599968,140.92803455299872,0.0,
147.9993013409985,149.42041860600148,1.0,
152.00346728500153,152.74895925100282,1.0,
156.0155289270042,157.18547699999908,0.0,
160.01903161800146,161.33505826900364,1.0,
164.03188129000046,165.2782040450038,0.0,
168.03611152600206,168.80998716499744,1.0,
172.03175474199816,172.94868960600434,1.0,
180.03112930500356,180.84445202200004,1.0,
184.03633076100232,184.93929993799975,1.0,
188.03085598399775,188.9231398109987,0.0,
192.0299489809986,193.21204267300345,1.0,
196.030113255998,197.26684183200268,0.0,
200.03717522499937,201.13304178500402,0.0,
204.0301552489982,205.5991317040025,0.0,
208.03736578800454,209.0144147289975,0.0,
212.02974597400316,213.27114129999973,1.0,
216.03761425700213,217.04742085700127,0.0,
220.0287465270012,220.99579797800106,1.0,
15.999259882999468,20.91033441000036,1.0,20.38098693000211
15.999259882999468,20.91033441000036,1.0,20.38098693000211
24.0057849060031,30.900912552999216,0.0,
24.0057849060031,30.900912552999216,0.0,
32.005305632003,35.999348483004724,1.0,35.380871563000255
32.005305632003,35.999348483004724,1.0,35.380871563000255
40.004311251002946,46.86539905900281,0.0,
40.004311251002946,46.86539905900281,0.0,
48.004652935000195,53.29239011300524,1.0,52.62983239599998
48.004652935000195,53.29239011300524,1.0,52.62983239599998
64.00476310199883,70.72596984100528,0.0,
64.00476310199883,70.72596984100528,0.0,
72.0050894560045,76.60294029500074,1.0,76.00348691300314
72.0050894560045,76.60294029500074,1.0,76.00348691300314
80.00427201200364,83.9339901400017,1.0,83.25343532900297
80.00427201200364,83.9339901400017,1.0,83.25343532900297
88.00409203900199,94.41993908400036,1.0,93.75255753099918
88.00409203900199,94.41993908400036,1.0,93.75255753099918
96.00394123400474,102.19107540199911,1.0,101.50214806700387
96.00394123400474,102.19107540199911,1.0,101.50214806700387
112.00268458700157,118.7987189800042,0.0,
112.00268458700157,118.7987189800042,0.0,
120.00182491000305,126.86245921600494,1.0,125.7509683169992
120.00182491000305,126.86245921600494,1.0,125.7509683169992
128.00230038700101,132.60782625200227,1.0,132.00059587700525
128.00230038700101,132.60782625200227,1.0,132.00059587700525
136.0012308830046,140.0408697130042,1.0,139.5003596230017
136.0012308830046,140.0408697130042,1.0,139.5003596230017
144.00143462200504,147.99445135299902,1.0,147.37512027800403
144.00143462200504,147.99445135299902,1.0,147.37512027800403
151.99952271200164,158.74418363600125,0.0,
151.99952271200164,158.74418363600125,0.0,
159.99974308500532,166.73386337700504,0.0,
159.99974308500532,166.73386337700504,0.0,
175.9988368609993,182.75603498200508,0.0,
175.9988368609993,182.75603498200508,0.0,
183.9986952899999,188.1792666170004,1.0,187.6231551710007
183.9986952899999,188.1792666170004,1.0,187.6231551710007
191.99861741700443,198.86026094800036,0.0,
191.99861741700443,198.86026094800036,0.0,
199.99773009899945,206.70532599700527,0.0,
199.99773009899945,206.70532599700527,0.0,
207.99760193600378,214.80144703700353,0.0,
207.99760193600378,214.80144703700353,0.0,
216.00717443699978,220.53683022600308,1.0,219.8805868470008
216.00717443699978,220.53683022600308,1.0,219.8805868470008
224.00639205200423,230.8317614059997,0.0,
224.00639205200423,230.8317614059997,0.0,
240.00583200700203,247.1471704190044,0.0,
240.00583200700203,247.1471704190044,0.0,
248.01106236300257,254.9041964499993,0.0,
248.01106236300257,254.9041964499993,0.0,
256.01106796399836,262.8102654100003,0.0,261.6363754980048
256.01106796399836,262.8102654100003,0.0,261.6363754980048
264.01038925100147,270.8805103350023,0.0,
264.01038925100147,270.8805103350023,0.0,
272.0110193389992,277.1088018869996,1.0,276.5101051829988
272.0110193389992,277.1088018869996,1.0,276.5101051829988
280.0111529900023,283.8777838599999,1.0,283.2609998609987
280.0111529900023,283.8777838599999,1.0,283.2609998609987
296.01060623399826,299.5516647600016,1.0,299.00992734000465
296.01060623399826,299.5516647600016,1.0,299.00992734000465
304.01095366400114,308.41427717600163,1.0,307.8847622489993
304.01095366400114,308.41427717600163,1.0,307.8847622489993
312.01111398800276,318.78622572000313,0.0,
312.01111398800276,318.78622572000313,0.0,
320.01029027700133,326.74893922200135,0.0,
320.01029027700133,326.74893922200135,0.0,
328.0096596200019,333.96701581600064,1.0,333.26612829600344
328.0096596200019,333.96701581600064,1.0,333.26612829600344
344.02955539899995,347.7934217939983,1.0,347.26587860900327
344.02955539899995,347.7934217939983,1.0,347.26587860900327
352.0133020670037,359.0744633600043,0.0,356.39092026300204
352.0133020670037,359.0744633600043,0.0,356.39092026300204
360.0142174990033,366.84057789500366,0.0,
360.0142174990033,366.84057789500366,0.0,
368.02942382100446,373.3934582810034,1.0,372.7629497490052
368.02942382100446,373.3934582810034,1.0,372.7629497490052
376.0147430450015,382.84788377099903,0.0,
376.0147430450015,382.84788377099903,0.0,
384.0143575740003,390.7671981480016,0.0,
384.0143575740003,390.7671981480016,0.0,
400.015038274003,406.7194470100003,0.0,
400.015038274003,406.7194470100003,0.0,
408.01422309600457,414.86820105300285,0.0,
408.01422309600457,414.86820105300285,0.0,
416.014327582001,422.9754684290019,0.0,420.8875802160037
416.014327582001,422.9754684290019,0.0,420.8875802160037
424.0137319620044,430.93483233400184,0.0,
424.0137319620044,430.93483233400184,0.0,
432.0113332330002,437.7894451770044,0.0,
432.0113332330002,437.7894451770044,0.0,
440.011777669999,445.02902747700136,1.0,444.5108549470024
440.011777669999,445.02902747700136,1.0,444.5108549470024
448.0105961570007,454.6722950110052,0.0,
448.0105961570007,454.6722950110052,0.0,
11.998781868998776,14.742258301994298,1.0,
15.998781677000807,18.02661798799818,1.0,
20.006444594997447,22.165933194999525,1.0,
23.9994421099982,26.957860247995995,0.0,
27.997720423998544,29.670751818994177,1.0,
31.998301663996244,34.453025167000305,1.0,
35.997340189998795,38.133088919996226,1.0,
39.997691958997166,43.19726254299894,1.0,
43.99765729299543,46.12553116399795,1.0,
51.997079627995845,55.626966326999536,1.0,
55.99769749299594,58.949360095000884,0.0,
59.996336146999965,62.88844130199868,0.0,
63.997122533997754,66.27367870699527,1.0,
67.99567752599978,71.73049421999895,0.0,
71.99361675199907,75.0576662780004,1.0,
75.99522282499674,79.21541625199461,0.0,
83.99496579900006,87.32483091500035,1.0,
87.99416227899928,90.23212236599647,0.0,
91.99528442299925,94.54290926799877,1.0,
95.99413364000065,98.50072639999416,0.0,
99.99399956599518,102.1499216289958,1.0,
103.99433135199797,106.32742919599696,1.0,
107.99467045799975,111.04444466199493,1.0,
115.99373319699953,118.85097838299407,1.0,
119.9936301839989,123.93706227499933,0.0,
123.99361728999793,126.79145053499815,1.0,
127.99339478199545,130.15489335099846,1.0,
131.99351466499502,134.6621107969986,1.0,
135.99588637599663,138.63218429699918,1.0,
140.00100921499688,142.73842749300093,0.0,
148.00942988699535,151.26857764899614,1.0,
152.01384864499414,154.90531524999824,1.0,
156.00836611999694,159.1705301109978,1.0,
160.00929453499703,162.87423593999847,0.0,
164.0080016419961,167.04883104599867,0.0,
168.00944646399876,170.44510340199486,1.0,
172.0080926199953,174.67558766000002,0.0,
180.00738572800037,182.42234166499838,1.0,
184.00821649899444,187.22097100500105,0.0,
188.00679775200115,191.4069923529969,0.0,
192.00730561700038,195.8966804829979,1.0,
196.00654660899454,198.74573794000025,1.0,
200.00677438099956,201.90111384599732,1.0,
204.00617708999926,206.89476240400109,0.0,
208.0064457059998,210.9066877160003,1.0,
212.00617763899936,214.0534952320013,0.0,
216.0069075489955,218.07791138899483,1.0,
220.00583609000023,222.87109931499435,1.0,
12.006119212004705,14.102114487999643,1.0,
16.01427798900113,17.3791632930006,0.0,
20.014020355003595,22.20045438499801,1.0,
24.013614342002256,25.337853397999424,1.0,
28.022070368999266,30.12478992400429,1.0,
32.02481544300099,33.116345663001994,1.0,
36.029347640003834,38.0064131370018,0.0,
40.038301386004605,42.24897417700413,0.0,
44.0380170990029,45.70879095500277,1.0,
52.053654276998714,54.2524584740022,0.0,
56.05387002399948,56.980684982998355,1.0,
60.05353185700369,61.34245960300177,1.0,
64.05337218500063,66.05704095699912,0.0,
68.0616828860002,69.20978750900395,1.0,
72.0613857549979,73.90085913600342,0.0,
76.0611329050007,77.04701804800425,1.0,
84.05964329699782,86.26140786200267,0.0,
88.06053381400125,89.10833937599818,1.0,
92.06060886900377,93.86387495999952,1.0,
96.06008710300375,97.05582594600128,1.0,
100.06044153500261,101.16946780800208,0.0,
104.0602539879983,105.240258429003,0.0,
108.05960688100458,109.66777593000006,0.0,
112.06001166399801,114.56686179800454,0.0,
116.05959357199754,118.14616855700297,1.0,
124.07594956600224,125.56508292599756,1.0,
128.09253760099818,129.46281240200187,0.0,
132.09235227700265,133.67730951300473,1.0,
136.09148388999893,137.04224054799852,1.0,
140.0998793309991,141.0042505780002,1.0,
144.09953514399967,145.3121434929999,0.0,
148.10773788799997,149.39593415099807,0.0,
152.10778924699844,154.32639487599954,0.0,
156.11578354700032,157.369410117004,0.0,
164.1320753079999,165.33903969699895,1.0,
168.14077663599892,170.23967901500146,0.0,
172.14036803100316,173.68135093700403,1.0,
176.14013874000375,177.09021160400152,1.0,
180.1396660399987,182.1922894800009,0.0,
184.139800293,184.968334023004,1.0,
188.13999184500426,189.45212609200098,1.0,
196.13857774100325,198.24818692100234,0.0,
200.1386003439984,201.7295192149977,0.0,
204.14686573300423,205.5551018210026,1.0,
208.14658146099828,209.860444087004,0.0,
212.14712734200293,214.66586269300024,0.0,
216.1466416359981,217.76776124299795,0.0,
220.14588137600367,221.39327462000074,1.0,
15.999389871998574,22.91623923899897,0.0,
15.999389871998574,22.91623923899897,0.0,
23.99918674500077,28.532624586005113,1.0,27.749545199003478
23.99918674500077,28.532624586005113,1.0,27.749545199003478
32.00035248000495,38.49664341600146,1.0,37.74948346400197
32.00035248000495,38.49664341600146,1.0,37.74948346400197
39.99988821399893,46.99810034600523,0.0,
39.99988821399893,46.99810034600523,0.0,
56.006578008004,60.44201504599914,1.0,59.88163409100525
56.006578008004,60.44201504599914,1.0,59.88163409100525
64.01549082700512,69.07714392200432,1.0,68.51490703400486
64.01549082700512,69.07714392200432,1.0,68.51490703400486
72.01782204900519,76.18854257800558,1.0,75.64780771599908
72.01782204900519,76.18854257800558,1.0,75.64780771599908
80.03097196500312,87.17522100000497,0.0,
80.03097196500312,87.17522100000497,0.0,
88.03934443400067,93.56830494500173,1.0,93.03906183900108
88.03934443400067,93.56830494500173,1.0,93.03906183900108
96.03809887700481,102.8169782219993,0.0,
96.03809887700481,102.8169782219993,0.0,
104.0379645590001,111.43438018500456,0.0,
104.0379645590001,111.43438018500456,0.0,
120.04601961400476,127.05731434400514,0.0,
120.04601961400476,127.05731434400514,0.0,
128.05286254599923,135.4397268419998,0.0,
128.05286254599923,135.4397268419998,0.0,
136.05334266400314,142.56040555800428,0.0,140.30329934500332
136.05334266400314,142.56040555800428,0.0,140.30329934500332
144.05329714799882,150.04020805700566,1.0,
144.05329714799882,150.04020805700566,1.0,
152.053180556999,157.50079992200335,1.0,156.8035154560057
152.053180556999,157.50079992200335,1.0,156.8035154560057
160.0528824790017,166.48531000500225,1.0,165.8023671080009
160.0528824790017,166.48531000500225,1.0,165.8023671080009
176.05924721100018,181.5112988530018,1.0,180.80973085000005
176.05924721100018,181.5112988530018,1.0,180.80973085000005
184.05963590300235,191.60892367400083,0.0,
184.05963590300235,191.60892367400083,0.0,
192.08389362900198,197.2058873950009,1.0,197.22559408099914
192.08389362900198,197.2058873950009,1.0,197.22559408099914
200.10057740100456,205.2818749700018,1.0,204.47510075200262
200.10057740100456,205.2818749700018,1.0,204.47510075200262
208.09978533400135,212.66349469000124,1.0,
208.09978533400135,212.66349469000124,1.0,
216.09990669599938,222.87932633799937,0.0,
216.09990669599938,222.87932633799937,0.0,
224.09932291800214,229.36278738699912,1.0,228.7239020449997
224.09932291800214,229.36278738699912,1.0,228.7239020449997
240.09851137300575,246.9119241350054,0.0,
240.09851137300575,246.9119241350054,0.0,
248.09770636499888,254.16803432800225,1.0,253.59782768900186
248.09770636499888,254.16803432800225,1.0,253.59782768900186
256.0981370740046,260.57075805099885,1.0,260.0980915110049
256.0981370740046,260.57075805099885,1.0,260.0980915110049
264.09763043300336,269.92294338300417,1.0,269.222094003002
264.09763043300336,269.92294338300417,1.0,269.222094003002
272.0967768260016,278.9284689039996,0.0,
272.0967768260016,278.9284689039996,0.0,
280.0967590420041,287.24770861000434,0.0,
280.0967590420041,287.24770861000434,0.0,
296.1244239470034,302.4890065590007,1.0,301.76204701600363
296.1244239470034,302.4890065590007,1.0,301.76204701600363
304.1375220359987,308.33989160100464,1.0,307.63672336500167
304.1375220359987,308.33989160100464,1.0,307.63672336500167
312.1369181150003,317.2834043210023,1.0,316.7612398640049
312.1369181150003,317.2834043210023,1.0,316.7612398640049
320.13671731400245,326.94761505800125,0.0,
320.13671731400245,326.94761505800125,0.0,
336.1358511299986,340.1958998650007,1.0,339.3856257619991
336.1358511299986,340.1958998650007,1.0,339.3856257619991
344.13557809800113,350.8438874390049,0.0,
344.13557809800113,350.8438874390049,0.0,
352.1347766370018,356.2269590540018,1.0,355.6343380899998
352.1347766370018,356.2269590540018,1.0,355.6343380899998
360.1349356120045,367.60441173300205,0.0,
360.1349356120045,367.60441173300205,0.0,
368.1344278079996,375.0050783550032,0.0,
368.1344278079996,375.0050783550032,0.0,
376.1425047290031,383.0039246460001,0.0,
376.1425047290031,383.0039246460001,0.0,
384.1422504900038,390.14669434600364,1.0,389.51080094600184
384.1422504900038,390.14669434600364,1.0,389.51080094600184
400.1495241580051,407.2700029020052,0.0,
400.1495241580051,407.2700029020052,0.0,
408.1491925570008,415.0480818569995,0.0,
408.1491925570008,415.0480818569995,0.0,
416.1492734019994,423.4025826220022,0.0,
416.1492734019994,423.4025826220022,0.0,
424.1564444790056,431.5196719919986,0.0,
424.1564444790056,431.5196719919986,0.0,
432.16445392800233,437.45518225500564,1.0,436.91379565100215
432.16445392800233,437.45518225500564,1.0,436.91379565100215
440.16413319300045,445.45200287500484,1.0,444.91401444100484
440.16413319300045,445.45200287500484,1.0,444.91401444100484
448.1629104120002,455.010215798,0.0,
448.1629104120002,455.010215798,0.0,
12.010420393002278,14.540591855999082,1.0,
16.018091177000315,18.29647573800321,1.0,
20.018232848997286,22.712376219998987,1.0,
24.015974670001015,26.361325026002305,1.0,
28.01773442499689,30.712893696996616,1.0,
32.017459477996454,34.74928936299693,1.0,
36.01788762999786,38.86071672399703,1.0,
40.0161620650033,42.38745609699981,1.0,
44.0170576360033,46.624263541998516,1.0,
52.017115875001764,54.547722392999276,1.0,
56.017133421002654,57.96467613399727,1.0,
60.01655844099878,62.96924821200082,1.0,
64.01728372799698,66.8952485560003,1.0,
68.01676937100274,70.7857945930009,1.0,
72.01754715899733,74.85045213499689,1.0,
76.01521727799991,78.70090346800134,1.0,
84.01592968100158,87.20129789399653,1.0,
88.01491454400093,90.41456976700283,1.0,
92.01811355000245,95.27144392199989,1.0,
96.01780593999865,99.57303486599994,1.0,
100.01850642899808,103.41323775800265,0.0,
104.02334570600215,106.51860618800129,1.0,
108.02259791200049,110.11059920599655,1.0,
112.022223330001,115.43514781499834,0.0,
116.02210553499754,118.15118516099756,1.0,
124.02140094999777,125.62622599199676,1.0,
128.02126621599746,130.4888593020005,1.0,
132.01919875999738,134.75627277199965,1.0,
136.01969133500097,138.78667671800213,1.0,
140.01930242100207,142.77529349300312,1.0,
144.0207432820025,147.57588256600138,1.0,
148.02094472399767,150.7307026510025,1.0,
152.01982038300048,155.238971863997,0.0,
156.0194428820032,158.91114329999982,1.0,
164.02016176899633,166.22606345199893,1.0,
168.0204396140034,170.42084432800038,1.0,
172.01980766400084,175.34734428200318,1.0,
176.02023693799856,179.04831398199894,1.0,
180.01911388000008,182.73772910099797,1.0,
184.02095551000093,186.24823274699884,0.0,
188.0187122560019,190.88114915299957,1.0,
196.01825041499978,198.5577232479991,1.0,
200.0207388350027,202.2946175399993,1.0,
204.02145683699928,205.86602250800206,0.0,
208.03475351999805,210.70622884300246,0.0,
212.03474840599665,214.13239564499963,1.0,
216.0347144490006,218.70342384999822,1.0,
220.03410524199717,223.1026107439975,0.0,
12.002436760005367,14.897765686000639,1.0,
16.00192630100355,18.101109301001998,1.0,
20.002432985005726,21.643642719005584,1.0,
24.000497335000546,26.05375173900393,1.0,
28.001584051002283,30.20594359900133,1.0,
32.000059550002334,34.865837725003075,0.0,
36.00120877700101,38.606473781001114,1.0,
40.00090975900093,41.99708078500407,1.0,
48.000402518002375,50.67787634500564,1.0,
52.0011708940001,54.55542714100011,1.0,
56.001772742005414,58.39072876100545,1.0,
60.000507852004375,63.900631843003794,0.0,
64.00080497100134,65.3181727370029,1.0,
67.99953951500356,70.3990500390064,1.0,
72.00225915200281,74.96475551000185,1.0,
75.99961319800059,79.55436285299947,1.0,
80.00155724800425,82.9974575160013,0.0,
88.00174892000359,90.60032547599985,0.0,
92.0068778660061,94.6052293160028,1.0,
96.00699854800041,98.51684152999951,1.0,
100.00657549900643,102.08014026900491,1.0,
104.0069178470003,106.39047755300271,1.0,
108.00665191600274,110.10361970300437,1.0,
112.00570841800072,114.5170788240066,1.0,
120.00581894000061,122.85827500800224,1.0,
124.00561416600249,126.50171573300031,0.0,
128.00376680300542,130.94480536000628,0.0,
132.00531932500598,134.8091945960041,1.0,
136.00458740300382,138.30696407800133,1.0,
140.0052567810053,142.13366693200078,1.0,
144.0049532960038,146.30666620500415,1.0,
148.00352399700205,151.70047176000662,0.0,
152.0051380790028,154.99192803600454,1.0,
160.0042726410029,162.92113680400507,1.0,
164.00394839500223,166.7806426110037,0.0,
168.0046260800009,170.49611931300024,1.0,
172.00354268700175,174.56115827400208,1.0,
176.00483771700237,178.6887063250033,1.0,
180.00336494700605,182.11313513100322,1.0,
184.00500512100552,186.60812384800374,1.0,
192.00536105900392,194.28661042900058,0.0,
196.00517434500216,199.2115708670026,1.0,
200.0056186550064,202.733095581003,1.0,
204.00529429699964,207.38020539900026,0.0,
208.02246778800327,211.5243109889998,0.0,
212.0186186780047,214.9723458150038,0.0,
216.01748088900058,218.76356501800183,1.0,
220.01751488800073,223.13586633399973,0.0,
11.996898277000582,13.629405111001688,1.0,
15.996719536000455,18.45719733199803,1.0,
19.996428826001647,22.191769274999388,0.0,
23.996680839001783,26.040815834996465,1.0,
27.997131980999256,30.557461930999125,0.0,
31.997024345000682,34.42294617099833,1.0,
35.99665239699971,38.82610135000141,1.0,
39.996310106995224,42.56291586999578,1.0,
48.00072012899909,50.52179848199739,0.0,
51.994875584998226,54.478215712995734,1.0,
56.001083566996385,58.54622974499944,1.0,
59.99504385700129,62.68262711400166,1.0,
64.00160032699932,67.25458184399758,1.0,
67.99502276699786,71.18941970099695,1.0,
72.00153737299843,74.79874545199709,1.0,
75.9947866750008,78.7922669940017,0.0,
83.993908628996,87.06927874300163,1.0,
88.0022470210024,90.02724058600143,1.0,
91.9935661999989,94.75304957800108,1.0,
96.00178468699596,98.79657178599882,0.0,
99.9933607569983,102.69335275999765,1.0,
104.00219894600014,105.86295075200178,1.0,
107.99332821599819,110.18119398999988,1.0,
115.99233214100241,118.07186978899699,0.0,
119.9922867810019,123.56296138100151,0.0,
123.9923743870022,126.9103532329973,1.0,
127.99127672299801,130.7589387650005,1.0,
131.99133567800163,134.05358747900027,1.0,
136.00347563499963,138.84144800999638,1.0,
139.99185249199945,143.477699932002,1.0,
144.00392952699622,146.29713636700035,0.0,
147.99144949099718,150.09302293899964,1.0,
155.99084885599586,158.1077679959999,0.0,
159.98775367099734,162.22371445899626,1.0,
163.99034456600202,166.523286044001,1.0,
168.00389766899752,170.17463704999682,1.0,
171.98994130999927,173.76686113100004,0.0,
175.98828876399784,178.68039393900108,0.0,
179.98847568700148,183.12559581299865,1.0,
187.9886033169969,190.61768891300017,1.0,
191.98933120899892,194.6498578949977,1.0,
195.98880213600205,198.07016653499886,1.0,
199.98948120699788,202.6864357059967,0.0,
203.98821842500183,206.12492259300052,1.0,
207.98930031499913,211.20071330299834,1.0,
211.9877755769994,214.08341245300107,0.0,
215.98939653900015,218.97624363999785,1.0,
219.9871263169989,223.09113868900022,1.0,
11.99861385099939,14.9398029100048,1.0,
15.99896215100307,18.10763247000432,1.0,
19.997572418003983,22.43221724400064,1.0,
23.998755142005393,26.14773511700332,1.0,
27.996927143001813,30.61693595300312,1.0,
31.99788615899888,34.847535859000345,1.0,
35.99650907400064,38.695355460004066,1.0,
39.99762929099961,42.34425434100558,1.0,
47.99746505400253,49.82556065200333,1.0,
51.99591419400531,53.83694518300035,1.0,
55.99645176500053,58.974551539999084,0.0,
59.996060725999996,62.104581286999746,1.0,
63.99669995700242,66.4202843660023,0.0,
67.99507438300498,70.7493407830043,1.0,
71.99485910300427,74.40733374500269,1.0,
79.99515719200281,82.69503470900236,1.0,
83.99468991300091,86.15867095900467,0.0,
87.99409084999934,90.78134825600137,1.0,
91.9944741060026,94.65302766800596,1.0,
95.99423442799889,98.5037729540054,1.0,
99.99353151900141,102.5205361240005,1.0,
103.99321903099917,106.65415180900163,1.0,
107.99360471700493,111.50835916600045,1.0,
111.99344406000455,114.94890809700155,1.0,
115.9933759570049,117.65825286600011,0.0,
119.99343481200049,123.03458445800061,0.0,
127.99289856800169,130.36100474699924,1.0,
131.9922374010057,133.46375558200089,1.0,
135.99269063700194,138.40590786200482,1.0,
139.99200287100393,142.41913364900392,0.0,
143.99213383700408,146.7316431280051,1.0,
148.00020832299924,150.1498538510059,1.0,
152.0007111770028,154.61246372500318,1.0,
156.00006758100062,159.1734203110027,1.0,
163.99896995400195,165.87796059600078,1.0,
167.9989082760003,169.74515682900528,1.0,
171.9989793900022,174.967354143002,0.0,
175.99929439600237,178.40344337900024,1.0,
179.99884638200456,182.90169857900037,1.0,
183.9979745890014,186.4383755270028,1.0,
187.99848156700318,189.88973324900144,0.0,
195.9978695460013,198.53908759800106,1.0,
199.99739092000527,201.64627201900294,1.0,
203.9977701509997,206.10433495200414,1.0,
207.9977752220002,209.75854391100438,0.0,
211.99712269200245,214.6257438370012,1.0,
215.99679595800262,218.58605529800116,1.0,
219.99669009799982,222.1633862900053,1.0,
